,nhm_id,comid,site_no,long,lat,begin_date,end_date,geometry,years_of_data,reachcode,comid-long,comid-lat
0,1435.0,1748535,01413088,-74.5591944,42.29380556,2000-06-07,2024-12-01,POINT (-74.5591944 42.29380556),24.484599589322382,2040102000097.0,-74.55911003619427,42.29358934174184
1,1436.0,1748567,01413398,-74.60138889,42.1508333,1997-10-01,2024-12-01,POINT (-74.60138889 42.1508333),27.16769336071184,2040102000091.0,-74.60188552577982,42.150786338283936
2,1437.0,1748583,01413500,-74.6536111,42.1447222,1937-02-01,2024-12-01,POINT (-74.6536111 42.1447222),87.8302532511978,2040102000083.0,-74.65311633812529,42.14397956886979
3,1438.0,1748585,,,,,,,,,,
4,1439.0,1748587,,,,,,,,,,
5,1440.0,1748589,01415000,-74.8186111,42.12,1937-02-01,2024-12-01,POINT (-74.8186111 42.12),87.8302532511978,2040102000204.0,-74.81956968064392,42.119521537154185
6,1441.0,1748611,01414500,-74.7305556,42.1061111,1937-02-01,2024-12-01,POINT (-74.7305556 42.1061111),87.8302532511978,2040102000080.0,-74.7305065138588,42.10714220751717
7,1442.0,1748719,01413408,-74.6233333,42.14666667,1996-12-05,2024-12-01,POINT (-74.6233333 42.14666667),27.98904859685147,2040102000084.0,-74.62288623852893,42.14716064070679
8,1443.0,1748723,01414000,-74.6955556,42.13305556,1941-10-01,2024-12-01,POINT (-74.6955556 42.13305556),83.16769336071184,2040102000098.0,-74.6950620721211,42.132023911367575
9,,1748725,01415500,-74.90027778,42.13055556,1937-04-01,1962-09-29,POINT (-74.90027778 42.13055556),25.49486652977413,2040102000200.0,-74.90038693782958,42.1307431564529
10,1444.0,1748727,01417000,-74.97627778,42.07502778,1941-07-01,2024-12-01,POINT (-74.97627778 42.07502778),83.41957563312799,2040102000078.0,-74.97718369033079,42.07444085483399
11,1445.0,1748743,,,,,,,,,,
12,1446.0,1748745,,,,,,,,,,
13,1447.0,1748753,,,,,,,,,,
14,1448.0,1748759,,,,,,,,,,
15,1449.0,1748773,,,,,,,,,,
16,1450.0,1749281,01417500,-75.11927778,42.0245833,1934-10-01,2024-12-01,POINT (-75.11927778 42.0245833),90.16837782340862,2040102000060.0,-75.11964324359974,42.02424398485889
17,1451.0,1750361,,,,,,,,,,
18,1452.0,1750385,01418500,-74.8669444,41.96305556,1937-10-01,1970-09-29,POINT (-74.8669444 41.96305556),32.99383983572896,2040102000043.0,-74.86747042585948,41.962775345960615
19,1453.0,1750423,,,,,,,,,,
20,1454.0,1750427,,,,,,,,,,
21,1455.0,1750471,01419500,-74.81277778,41.9033333,1937-08-29,2024-12-01,POINT (-74.81277778 41.9033333),87.2580424366872,2040102000032.0,-74.81325913221474,41.90342448537003
22,1456.0,1750487,,,,,,,,,,
23,1457.0,1750585,,,,,,,,,,
24,1458.0,1750601,01420000,-74.7972222,41.87277778,1924-10-01,1981-09-29,POINT (-74.7972222 41.87277778),56.99383983572896,2040102000025.0,-74.79768333488936,41.87277667607615
25,1459.0,1752109,,,,,,,,,,
26,1460.0,1752113,,,,,,,,,,
27,1461.0,1752131,,,,,,,,,,
28,1462.0,1752137,01421000,-75.1747222,41.97327778,1912-11-19,2024-12-01,POINT (-75.1747222 41.97327778),112.0328542094456,2040102000004.0,-75.17475402064723,41.97310736720814
29,1463.0,1752159,,,,,,,,,,
30,1464.0,2583285,,,,,,,,,,
31,1465.0,2583309,01443280,-74.69527778,41.07638889,1992-08-06,2024-12-02,POINT (-74.69527778 41.07638889),32.323066392881586,2040105001814.0,-74.6954582659949,41.07681602488473
32,1466.0,2583379,,,,,,,,,,
33,1467.0,2586349,,,,,,,,,,
34,1468.0,2586769,01445000,-74.77638889,40.9808333,1939-10-01,2024-12-02,POINT (-74.77638889 40.9808333),85.17180013689254,2040105000119.0,-74.77718057056046,40.98075893221947
35,1469.0,2586771,01443500,-74.9533333,40.9808333,1921-10-01,2024-12-02,POINT (-74.9533333 40.9808333),103.17043121149898,2040105000155.0,-74.9535882189454,40.98110318427957
36,1470.0,2586785,01455500,-74.6655556,40.9172222,1928-07-01,2024-12-02,POINT (-74.6655556 40.9172222),96.42162902121834,2040105000076.0,-74.66719831904656,40.91619643563707
37,1471.0,2586799,01456000,-74.7969444,40.8883333,1921-10-01,1973-10-04,POINT (-74.7969444 40.8883333),52.0082135523614,2040105000069.0,-74.7972242679035,40.888274812371336
38,1472.0,2586809,01445500,-74.97777778,40.83055556,1921-10-01,2024-12-02,POINT (-74.97777778 40.83055556),103.17043121149898,2040105000103.0,-74.97834869200548,40.83066161624146
39,1473.0,2587721,,,,,,,,,,
40,1474.0,2587723,01443900,-75.0391667,40.98055556,1966-10-01,2024-12-02,POINT (-75.0391667 40.98055556),58.17111567419576,2040105000330.0,-75.04006015047885,40.98020785899151
41,1475.0,2587857,,,,,,,,,,
42,1476.0,2587859,,,,,,,,,,
43,1477.0,2587861,,,,,,,,,,
44,1478.0,2588051,,,,,,,,,,
45,1479.0,2588225,01446000,-75.04638889,40.8433333,1922-10-01,2024-12-02,POINT (-75.04638889 40.8433333),102.17111567419576,2040105000257.0,-75.04628143125949,40.84315003828593
46,1480.0,2588261,01457000,-75.0608333,40.6722222,1903-10-01,2024-12-02,POINT (-75.0608333 40.6722222),121.17180013689254,2040105000055.0,-75.06106089469775,40.67131167073987
47,1481.0,2588303,,,,,,,,,,
48,1482.0,2588311,,,,,,,,,,
49,1483.0,2588313,,,,,,,,,,
50,1484.0,2588375,,,,,,,,,,
51,1485.0,2588381,01446500,-75.0825,40.82638889,1922-10-01,2024-12-02,POINT (-75.0825 40.82638889),102.17111567419576,2040105000097.0,-75.08382332972201,40.82581990370235
52,1486.0,2588411,,,,,,,,,,
53,1487.0,2588457,,,,,,,,,,
54,1488.0,2588477,,,,,,,,,,
55,1489.0,2588479,,,,,,,,,,
56,1490.0,2588481,,,,,,,,,,
57,1491.0,2588489,,,,,,,,,,
58,1492.0,2590117,01463620,-74.6719444,40.2697222,1972-09-22,2024-12-01,POINT (-74.6719444 40.2697222),52.19164955509925,2040105000008.0,-74.67237952706752,40.26981712936645
59,1493.0,2590137,01464000,-74.7491667,40.22416667,1923-10-01,2024-12-02,POINT (-74.7491667 40.22416667),101.17180013689254,2040105001098.0,-74.7498009644857,40.22377246471177
60,1494.0,2590201,,,,,,,,,,
61,1495.0,2590217,,,,,,,,,,
62,1496.0,2590235,,,,,,,,,,
63,1497.0,2590249,,,,,,,,,,
64,1498.0,2590277,01463500,-74.7780556,40.22166667,1912-10-01,2024-12-02,POINT (-74.7780556 40.22166667),112.1697467488022,2040105001083.0,-74.77164704243381,40.21542884904349
65,1499.0,2590295,,,,,,,,,,
66,1500.0,2591187,,,,,,,,,,
67,1501.0,2591219,01459500,-75.1165609,40.4337151,1935-10-01,2024-12-01,POINT (-75.1165609 40.4337151),89.1690622861054,2040105000223.0,-75.11652174847764,40.43388195792904
68,1502.0,2591241,01460000,-75.0662818,40.4237156,1884-01-01,1913-12-31,POINT (-75.0662818 40.4237156),29.9958932238193,2040105000220.0,-75.06571143763745,40.42287943650337
69,1503.0,2591435,,,,,,,,,,
70,1504.0,2591437,,,,,,,,,,
71,1505.0,2591449,,,,,,,,,,
72,1545.0,2612794,01421618,-74.6622222,42.3611111,1997-10-01,2024-12-01,POINT (-74.6622222 42.3611111),27.16769336071184,2040101000280.0,-74.6623613419084,42.361268234125816
73,1546.0,2612822,01421900,-74.9072222,42.28027778,1937-04-01,2024-12-01,POINT (-74.9072222 42.28027778),87.66872005475702,2040101000125.0,-74.90764541944148,42.2801703764484
74,1547.0,2612826,01422000,-74.9180556,42.2711111,1937-04-01,1970-09-29,POINT (-74.9180556 42.2711111),33.49486652977413,2040101000124.0,-74.91872529599632,42.27100127747909
75,1548.0,2612842,01422500,-74.9010556,42.25238889,1937-10-01,2024-12-01,POINT (-74.9010556 42.25238889),87.16769336071184,2040101000119.0,-74.90153672896245,42.25248285102757
76,1549.0,2612920,01421610,-74.66888889,42.37138889,2000-08-11,2024-12-01,POINT (-74.66888889 42.37138889),24.306639288158795,2040101000133.0,-74.669399498418,42.37125132120649
77,1550.0,2612932,,,,,,,,,,
78,1551.0,2612942,,,,,,,,,,
79,1552.0,2613340,,,,,,,,,,
80,1553.0,2613342,,,,,,,,,,
81,1554.0,2613498,01422747,-75.1219167,42.17266667,1998-10-01,2024-12-01,POINT (-75.1219167 42.17266667),26.168377823408623,2040101000134.0,-75.12208825145757,42.17250040157093
82,1555.0,2613528,,,,,,,,,,
83,1556.0,2613578,01423000,-75.14002778,42.1661111,1950-10-01,2024-12-01,POINT (-75.14002778 42.1661111),74.16837782340862,2040101000085.0,-75.14065303557408,42.16564660791722
84,,2613640,01425500,-75.39277778,42.1611111,1934-10-01,1968-09-29,POINT (-75.39277778 42.1611111),33.9958932238193,2040101000652.0,-75.39296054462935,42.16081140783793
85,1557.0,2613738,,,,,,,,,,
86,1558.0,2613826,01426000,-75.4280556,42.0586111,1940-10-01,1973-09-29,POINT (-75.4280556 42.0586111),32.99383983572896,2040101000169.0,-75.42801870625331,42.05881847852672
87,1559.0,2614018,0142400103,-75.2794444,42.1735833,1952-10-01,2024-12-01,POINT (-75.2794444 42.1735833),72.16700889801506,2040101000152.0,-75.27918937129378,42.173133898746265
88,1560.0,2614120,,,,,,,,,,
89,1561.0,2614122,01424500,-75.3200833,42.09530556,1940-10-01,1963-09-29,POINT (-75.3200833 42.09530556),22.99247091033539,2040101005437.0,-75.3214538855808,42.08879450253832
90,1562.0,2614136,,,,,,,,,,
91,1563.0,2614144,,,,,,,,,,
92,1564.0,2614146,,,,,,,,,,
93,1565.0,2614210,01426500,-75.38352778,42.00302778,1912-11-15,2024-12-01,POINT (-75.38352778 42.00302778),112.04380561259411,2040101000975.0,-75.3792752800385,42.00204615937484
94,1566.0,2614238,01425000,-75.3958056,42.07491667,1952-07-01,2024-12-01,POINT (-75.3958056 42.07491667),72.41889117043121,2040101000072.0,-75.40234156663578,42.079657706416654
95,1567.0,2615122,,,,,,,,,,
96,1568.0,2615318,01428500,-74.9860556,41.50875,1940-10-01,2024-12-01,POINT (-74.9860556 41.50875),84.16700889801506,2040101000023.0,-74.98451784395277,41.506507868318025
97,1569.0,2617174,01428000,-75.0144444,41.56388889,1946-10-01,2024-12-01,POINT (-75.0144444 41.56388889),78.16837782340862,2040101000265.0,-75.01518546437691,41.56325501184666
98,1570.0,2617252,01427500,-75.04838889,41.76055556,1940-10-01,2024-12-01,POINT (-75.04838889 41.76055556),84.16700889801506,2040101000001.0,-75.0485503751869,41.76083072745759
99,1571.0,2617286,,,,,,,,,,
100,1572.0,2617290,,,,,,,,,,
101,1573.0,2617324,,,,,,,,,,
102,1574.0,2617366,,,,,,,,,,
103,1575.0,2617370,,,,,,,,,,
104,1576.0,2617440,,,,,,,,,,
105,1577.0,2617442,,,,,,,,,,
106,1578.0,2617456,01427510,-75.0574167,41.75675,1975-06-27,2024-12-01,POINT (-75.0574167 41.75675),49.43189596167009,2040101000033.0,-75.05616811485838,41.75659476486162
107,1579.0,2617490,,,,,,,,,,
108,1580.0,2617492,,,,,,,,,,
109,1581.0,2617552,,,,,,,,,,
110,1582.0,2617554,,,,,,,,,,
111,1583.0,2619256,,,,,,,,,,
112,1584.0,2739446,,,,,,,,,,
113,1585.0,2739472,,,,,,,,,,
114,1586.0,2739748,01428750,-75.37601299,41.67452998,1986-10-01,2024-12-01,POINT (-75.37601299 41.67452998),38.16837782340863,2040103000045.0,-75.37600801678924,41.67421979853829
115,1587.0,2739766,01429500,-75.26710469,41.6072181,1943-10-01,2024-12-01,POINT (-75.26710469 41.6072181),81.1690622861054,2040103000024.0,-75.26718153107164,41.60702148865101
116,1588.0,2739772,01429000,-75.326829,41.5872185,1944-10-01,2024-12-01,POINT (-75.326829 41.5872185),80.16700889801506,2040103000041.0,-75.32705444432975,41.58689366733064
117,1589.0,2739776,01430000,-75.2479377,41.5619407,1948-10-01,2024-12-01,POINT (-75.2479377 41.5619407),76.16700889801506,2040103000022.0,-75.24663210063058,41.5616404690043
118,1592.0,2741462,,,,,,,,,,
119,1593.0,2742534,,,,,,,,,,
120,1594.0,2742550,,,,,,,,,,
121,1595.0,2742586,,,,,,,,,,
122,1596.0,2742844,,,,,,,,,,
123,1597.0,2742850,,,,,,,,,,
124,1598.0,2742870,,,,,,,,,,
125,1599.0,2743190,,,,,,,,,,
126,1600.0,2743192,,,,,,,,,,
127,1601.0,2743198,01431500,-75.1721186,41.4762002,1908-10-01,2024-12-01,POINT (-75.1721186 41.4762002),116.16700889801506,2040103000015.0,-75.171809277641,41.47601261814845
128,1602.0,2743218,01432000,-75.1857304,41.4598114,1909-10-01,2005-09-29,POINT (-75.1857304 41.4598114),95.99452429842572,2040103004344.0,-75.18493000380313,41.459503769599216
129,1634.0,4146586,01434021,-74.4144444,42.0111111,1991-01-01,2024-12-01,POINT (-74.4144444 42.0111111),33.91649555099247,2040104000154.0,-74.4148052546876,42.01127779760736
130,1635.0,4147366,,,,,,,,,,
131,1636.0,4147394,01434017,-74.54027778,41.92527778,1991-07-01,2024-12-01,POINT (-74.54027778 41.92527778),33.42094455852156,2040104000143.0,-74.54022360828388,41.9249354294928
132,1637.0,4147396,01434498,-74.57438889,41.92041667,1991-07-01,2024-12-01,POINT (-74.57438889 41.92041667),33.42094455852156,2040104000149.0,-74.57483693071529,41.92060435782933
133,1638.0,4147432,01436000,-74.6355556,41.82,1941-10-01,2024-12-01,POINT (-74.6355556 41.82),83.16769336071184,2040104000138.0,-74.6351770576017,41.820198744353526
134,1639.0,4147458,01436500,-74.5976111,41.7566111,1937-10-21,1993-09-30,POINT (-74.5976111 41.7566111),55.94250513347023,2040104000136.0,-74.59755279659063,41.75636114275108
135,1640.0,4147566,01432900,-74.7805556,41.66805556,2002-10-01,2024-12-01,POINT (-74.7805556 41.66805556),22.168377823408623,2040104000193.0,-74.78096196604258,41.66789877056058
136,1641.0,4147634,01436690,-74.61688889,41.63805556,1992-10-01,2024-12-01,POINT (-74.61688889 41.63805556),32.167008898015055,2040104000130.0,-74.61836844926484,41.63639019831543
137,1642.0,4147946,01434025,-74.5002222,41.9960833,1983-06-08,2024-12-01,POINT (-74.5002222 41.9960833),41.4839151266256,2040104001311.0,-74.50066014284786,41.99528969265056
138,1643.0,4147948,,,,,,,,,,
139,1644.0,4147950,0143400680,-74.4480556,41.96694444,1990-10-01,2024-12-01,POINT (-74.4480556 41.96694444),34.168377823408626,2040104000147.0,-74.44829266402652,41.96659680503284
140,1645.0,4147956,01435000,-74.5898056,41.88994444,1937-11-01,2024-12-01,POINT (-74.5898056 41.88994444),87.08281998631075,2040104000140.0,-74.59008987196107,41.88961537150775
141,1646.0,4149932,,,,,,,,,,
142,1647.0,4150156,01433500,-74.75877778,41.4612222,1939-08-15,2024-12-01,POINT (-74.75877778 41.4612222),85.29774127310061,2040104000179.0,-74.7589323702737,41.46132839721794
143,1648.0,4150228,,,,,,,,,,
144,1649.0,4150230,,,,,,,,,,
145,1650.0,4150304,,,,,,,,,,
146,1651.0,4151032,,,,,,,,,,
147,1652.0,4151208,01437000,-74.6454722,41.49580556,1928-07-24,1973-09-29,POINT (-74.6454722 41.49580556),45.18275154004107,2040104000120.0,-74.64556884315789,41.4955267364744
148,1653.0,4151216,01437500,-74.60188889,41.4413611,1937-07-31,2024-12-01,POINT (-74.60188889 41.4413611),87.33744010951403,2040104000087.0,-74.60151364320619,41.44104330132906
149,1654.0,4151302,01440000,-74.9525,41.1061111,1923-10-01,2024-12-02,POINT (-74.9525 41.1061111),101.17180013689254,2040104000006.0,-74.95644386792797,41.10461885356239
150,1655.0,4151446,,,,,,,,,,
151,1656.0,4151468,,,,,,,,,,
152,1657.0,4151516,,,,,,,,,,
153,1658.0,4151524,01434000,-74.69713889,41.3705833,1904-10-01,2024-12-01,POINT (-74.69713889 41.3705833),120.16700889801506,2040104000171.0,-74.69609202458588,41.37128664233084
154,1659.0,4151628,01438500,-74.79527778,41.30916667,1939-10-01,2024-12-02,POINT (-74.79527778 41.30916667),85.17180013689254,2040104000050.0,-74.7956079659893,41.30892340920299
155,1660.0,4151820,,,,,,,,,,
156,1661.0,4151822,,,,,,,,,,
157,1662.0,4151824,,,,,,,,,,
158,1663.0,4151830,,,,,,,,,,
159,1664.0,4152932,,,,,,,,,,
160,1665.0,4153154,01440485,-75.32210958,41.09388988,2001-04-18,2024-12-01,POINT (-75.32210958 41.09388988),23.62217659137577,2040104000718.0,-75.3218904652875,41.09392039112681
161,1666.0,4153166,01440400,-75.2146251,41.0848148,1957-10-01,2024-12-01,POINT (-75.2146251 41.0848148),67.16769336071184,2040104000377.0,-75.21482278390475,41.08448736237708
162,1667.0,4153168,01439500,-75.03767469,41.08815078,1908-10-01,2024-12-01,POINT (-75.03767469 41.08815078),116.16700889801506,2040104000344.0,-75.03732613351471,41.08848472517633
163,1668.0,4153236,,,,,,,,,,
164,1669.0,4153238,,,,,,,,,,
165,1670.0,4153318,,,,,,,,,,
166,1671.0,4153716,,,,,,,,,,
167,1672.0,4154310,,,,,,,,,,
168,1673.0,4154334,,,,,,,,,,
169,1674.0,4154366,,,,,,,,,,
170,,4154458,01441495,-75.2551636,40.99083514,2002-06-21,2024-11-03,POINT (-75.2551636 40.99083514),22.3709787816564,2040104000561.0,-75.25444323268763,40.99113901064362
171,1675.0,4154460,01441000,-75.2010138,40.9792609,1911-10-01,1938-09-29,POINT (-75.2010138 40.9792609),26.99520876112252,2040104000388.0,-75.20048299575106,40.97946054335536
172,1676.0,4154488,01442500,-75.1426788,40.998706,1950-10-01,2024-12-01,POINT (-75.1426788 40.998706),74.16837782340862,2040104000369.0,-75.14253167354461,40.99838580430384
173,1677.0,4154492,,,,,,,,,,
174,1678.0,4154496,,,,,,,,,,
175,1679.0,4154498,,,,,,,,,,
176,1680.0,4154500,,,,,,,,,,
177,1681.0,4158246,,,,,,,,,,
178,1682.0,4158256,,,,,,,,,,
179,1683.0,4185679,01447500,-75.62545259,41.1302794,1943-10-01,2024-12-01,POINT (-75.62545259 41.1302794),81.1690622861054,2040106000091.0,-75.62682624443774,41.1299884525017
180,1684.0,4185779,01447720,-75.6054522,41.08472426,1961-10-01,2024-12-01,POINT (-75.6054522 41.08472426),63.16769336071184,2040106000053.0,-75.6053281751743,41.08509504355838
181,1685.0,4185789,,,,,,,,,,
182,1686.0,4185805,,,,,,,,,,
183,1687.0,4185837,01447680,-75.52138889,41.06527778,1965-04-01,2024-12-01,POINT (-75.52138889 41.06527778),59.66872005475702,2040106000063.0,-75.52114678385448,41.06564696185491
184,1688.0,4186169,,,,,,,,,,
185,1689.0,4186205,01448500,-75.5432431,41.0356434,1948-10-01,1996-09-30,POINT (-75.5432431 41.0356434),47.99726214921287,2040106000740.0,-75.5457496167202,41.03454886712903
186,1690.0,4186247,,,,,,,,,,
187,1691.0,4186351,,,,,,,,,,
188,1692.0,4186353,,,,,,,,,,
189,1693.0,4186383,,,,,,,,,,
190,1694.0,4186385,,,,,,,,,,
191,1695.0,4186403,01447800,-75.73212288,41.10472447,1957-10-01,2024-12-01,POINT (-75.73212288 41.10472447),67.16769336071184,2040106000047.0,-75.73200531539867,41.1042082461844
192,,4186459,01448000,-75.76130379,41.04036256,1916-10-01,1959-09-29,POINT (-75.76130379 41.04036256),42.992470910335385,2040106000042.0,-75.76131206921889,41.0401213176533
193,1696.0,4187083,01449500,-75.55852038,40.92286835,1940-10-01,1979-09-29,POINT (-75.55852038 40.92286835),38.992470910335385,2040106000246.0,-75.55878837150574,40.92231551923878
194,1697.0,4187341,01449800,-75.6457437,40.84564756,1967-08-01,2024-12-01,POINT (-75.6457437 40.84564756),57.33607118412046,2040106000016.0,-75.6459690280987,40.8451960322613
195,,4187389,01450000,-75.6810222,40.8317588,1940-10-01,1970-11-12,POINT (-75.6810222 40.8317588),30.11362080766598,2040106000014.0,-75.68082136292381,40.83138872581673
196,1698.0,4187645,,,,,,,,,,
197,1699.0,4187699,,,,,,,,,,
198,1700.0,4187713,01451800,-75.626854,40.66176219,1966-02-01,2024-12-01,POINT (-75.626854 40.66176219),58.83093771389459,2040106000119.0,-75.62670632596132,40.661953142175136
199,1701.0,4187763,01451650,-75.4740717,40.59648637,1986-10-01,2024-12-01,POINT (-75.4740717 40.59648637),38.16837782340863,2040106000321.0,-75.47406288246485,40.59666492161588
200,1702.0,4187851,,,,,,,,,,
201,1703.0,4187925,01449360,-75.5024077,40.8975919,1966-10-01,2024-12-01,POINT (-75.5024077 40.8975919),58.16837782340863,2040106000018.0,-75.5027535658028,40.8978113852797
202,1704.0,4187951,,,,,,,,,,
203,1705.0,4187957,01450500,-75.5979643,40.8062047,1939-10-01,2024-12-01,POINT (-75.5979643 40.8062047),85.1690622861054,2040106000123.0,-75.5980527321746,40.80559882031138
204,1706.0,4188007,01452000,-75.4824053,40.62315267,1944-10-01,2024-12-01,POINT (-75.4824053 40.62315267),80.16700889801506,2040106000118.0,-75.47916102630185,40.62300433079642
205,1707.0,4188011,01451500,-75.48296088,40.5823197,1945-10-01,2024-12-01,POINT (-75.48296088 40.5823197),79.16769336071184,2040106000322.0,-75.48339310769785,40.58229456251599
206,1708.0,4188017,01452500,-75.37934709,40.6412091,1948-10-01,2024-12-01,POINT (-75.37934709 40.6412091),76.16700889801506,2040106000832.0,-75.37943516107899,40.64086208788606
207,1709.0,4188035,,,,,,,,,,
208,1710.0,4188121,,,,,,,,,,
209,1711.0,4188123,,,,,,,,,,
210,1712.0,4188159,01449000,-75.70518938,40.8292587,1982-10-01,2024-12-01,POINT (-75.70518938 40.8292587),42.16837782340863,2040106000028.0,-75.70500305694624,40.8290032352616
211,1713.0,4188169,,,,,,,,,,
212,1714.0,4188171,,,,,,,,,,
213,1715.0,4188205,01451000,-75.60296388,40.7570395,1946-10-01,2024-12-01,POINT (-75.60296388 40.7570395),78.16837782340862,2040106000011.0,-75.60361938175878,40.75633349618615
214,1718.0,4188251,01454700,-75.23628808,40.6692656,1966-10-01,2024-12-01,POINT (-75.23628808 40.6692656),58.16837782340863,2040106000001.0,-75.23716667833887,40.66969475989647
215,1719.0,4188273,,,,,,,,,,
216,,4188281,01453000,-75.3787914,40.6153761,1902-10-01,2024-12-01,POINT (-75.3787914 40.6153761),122.16837782340862,2040106000003.0,-75.37856293082478,40.615210405798805
217,1722.0,4188283,,,,,,,,,,
218,1723.0,4188285,,,,,,,,,,
219,1724.0,4188343,,,,,,,,,,
220,1762.0,4480911,01465500,-74.9568342,40.1739982,1934-10-01,2024-12-01,POINT (-74.9568342 40.1739982),90.16837782340862,2040201000087.0,-74.95754459652647,40.17406956106962
221,1763.0,4481059,,,,,,,,,,
222,1764.0,4481599,,,,,,,,,,
223,1765.0,4481607,01464500,-74.6,40.1372222,1940-08-10,2024-12-01,POINT (-74.6 40.1372222),84.30937713894593,2040201000032.0,-74.6003455405763,40.1370985941922
224,1766.0,4481801,,,,,,,,,,
225,1767.0,4481919,,,,,,,,,,
226,1768.0,4482695,01464645,-75.2065626,40.31232805,1985-11-16,2024-12-01,POINT (-75.2065626 40.31232805),39.04175222450377,2040201000131.0,-75.20687543453037,40.31265173369687
227,1769.0,4482733,01464720,-75.20378458,40.28816188,1990-12-19,2024-12-01,POINT (-75.20378458 40.28816188),33.95208761122519,2040201000129.0,-75.20479495510733,40.28761408327291
228,1770.0,4482735,,,,,,,,,,
229,,4482843,01465000,-75.0326692,40.2551078,1884-07-01,1934-09-29,POINT (-75.0326692 40.2551078),50.24229979466119,2040201000106.0,-75.03199546860166,40.255555391394005
230,1771.0,4482885,01464907,-75.119616,40.22927456,1998-11-25,2024-12-01,POINT (-75.119616 40.22927456),26.01779603011636,2040201000417.0,-75.11870629530122,40.22872964549823
231,1772.0,4482999,01464750,-75.0348915,40.26038549,1986-12-05,2024-12-01,POINT (-75.0348915 40.26038549),37.99041752224504,2040201000107.0,-75.03464640529675,40.260119373190506
232,1773.0,4483005,,,,,,,,,,
233,1774.0,4483009,,,,,,,,,,
234,,4483015,01464984,-75.0537809,40.2406635,1985-11-09,2024-12-01,POINT (-75.0537809 40.2406635),39.06091718001369,2040201000411.0,-75.05387138541747,40.240860152941856
235,1775.0,4485573,,,,,,,,,,
236,1776.0,4485575,,,,,,,,,,
237,1777.0,4488242,01465798,-74.9851603,40.0569557,1965-07-01,2024-12-01,POINT (-74.9851603 40.0569557),59.419575633128,2040202001411.0,-74.98402401515264,40.05725313310082
238,1778.0,4488280,,,,,,,,,,
239,1781.0,4488284,,,,,,,,,,
240,1782.0,4489072,01475300,-75.4218614,40.0226093,1972-04-28,1997-09-30,POINT (-75.4218614 40.0226093),25.423682409308693,2040202000170.0,-75.42078945091428,40.02278071068489
241,,4489096,01467087,-75.0968411,40.0159454,1982-07-01,2024-12-01,POINT (-75.0968411 40.0159454),42.42026009582478,2040202001907.0,-75.09661987267677,40.01594158104023
242,,4489158,01467036,-75.11211669,40.1809422,1978-10-01,2015-10-06,POINT (-75.11211669 40.1809422),37.01300479123888,2040202001403.0,-75.11218169167294,40.18071422820956
243,1783.0,4489170,01467042,-75.0690517,40.0897334,1964-08-13,2024-12-01,POINT (-75.0690517 40.0897334),60.30116358658453,2040202001385.0,-75.06788801958137,40.08956058056435
244,,4489178,01467048,-75.0326619,40.0500115,1965-06-01,2024-12-01,POINT (-75.0326619 40.0500115),59.50171115674196,2040202001383.0,-75.0320708071168,40.04975374942875
245,1784.0,4489180,01467086,-75.1121191,40.04261157,1965-10-01,2024-12-01,POINT (-75.1121191 40.04261157),59.16769336071184,2040202000149.0,-75.1124652520078,40.04220956756816
246,1785.0,4489192,,,,,,,,,,
247,1786.0,4489194,,,,,,,,,,
248,1787.0,4490494,,,,,,,,,,
249,1788.0,4490670,,,,,,,,,,
250,1789.0,4490878,,,,,,,,,,
251,1790.0,4490920,,,,,,,,,,
252,1792.0,4491898,01467000,-74.6844444,39.97,1921-10-01,2024-12-02,POINT (-74.6844444 39.97),103.17043121149898,2040202000131.0,-74.68477075156811,39.97011372245873
253,1793.0,4491946,01466900,-74.62777778,39.9561111,1998-05-11,2024-12-01,POINT (-74.62777778 39.9561111),26.55989048596852,2040202000266.0,-74.62922401827292,39.956680756958704
254,,4492020,01466000,-74.5080556,39.91666667,1952-10-01,1977-06-19,POINT (-74.5080556 39.91666667),24.71457905544148,2040202000274.0,-74.50825382213581,39.917023875464345
255,1794.0,4492036,,,,,,,,,,
256,1795.0,4492122,01465850,-74.7630556,39.94,1961-07-01,2024-12-02,POINT (-74.7630556 39.94),63.422313483915126,2040202000097.0,-74.76394938541605,39.9400775542327
257,1796.0,4492216,,,,,,,,,,
258,1797.0,4492218,,,,,,,,,,
259,1798.0,4494460,01475850,-75.4365864,39.97649897,1981-10-01,2024-12-01,POINT (-75.4365864 39.97649897),43.16769336071184,2040202000186.0,-75.43676630148575,39.97663670755708
260,1799.0,4494628,,,,,,,,,,
261,1800.0,4494690,,,,,,,,,,
262,1801.0,4494820,,,,,,,,,,
263,1802.0,4494832,,,,,,,,,,
264,,4495272,01475001,-75.1144444,39.73888889,1940-04-05,2024-12-01,POINT (-75.1144444 39.73888889),84.65708418891171,2040202000048.0,-75.11463875852102,39.73889180882959
265,1803.0,4495656,01475530,-75.2798924,39.9747355,1964-10-01,2024-12-01,POINT (-75.2798924 39.9747355),60.167008898015055,2040202001355.0,-75.27950612239452,39.97454523223664
266,1804.0,4495672,01467081,-75.0011111,39.94166667,1967-10-01,2024-12-02,POINT (-75.0011111 39.94166667),57.17180013689254,2040202001663.0,-75.00126872359397,39.94190352039503
267,1805.0,4495680,01475550,-75.2474047,39.91733516,1964-01-01,1990-10-03,POINT (-75.2474047 39.91733516),26.75427789185489,2040202001354.0,-75.24738703631805,39.9170566005372
268,1806.0,4495682,01475510,-75.2724064,39.92900154,1964-02-01,1990-09-29,POINT (-75.2724064 39.92900154),26.65845311430527,2040202000159.0,-75.27247659404814,39.92921625688319
269,,4495704,01476480,-75.40323,39.9161255,1986-10-01,2024-12-01,POINT (-75.40323 39.9161255),38.16837782340863,2040202000194.0,-75.40293732178233,39.91590905216207
270,1807.0,4495710,,,,,,,,,,
271,1808.0,4495818,01477120,-75.2591667,39.74055556,1966-04-01,2024-12-01,POINT (-75.2591667 39.74055556),58.6694045174538,2040202000011.0,-75.25961676969303,39.74058403480736
272,1809.0,4495846,01477000,-75.4082494,39.8690009,1931-10-01,2024-12-01,POINT (-75.4082494 39.8690009),93.1690622861054,2040202000207.0,-75.40830569791868,39.86882770377886
273,1810.0,4495858,,,,,,,,,,
274,1811.0,4495868,,,,,,,,,,
275,1814.0,4495870,,,,,,,,,,
276,1815.0,4495892,01467150,-75.02138889,39.90305556,1963-10-01,2024-12-02,POINT (-75.02138889 39.90305556),61.17180013689254,2040202000070.0,-75.021931425523,39.90287867685624
277,1816.0,4496020,,,,,,,,,,
278,1817.0,4496128,,,,,,,,,,
279,1818.0,4496230,,,,,,,,,,
280,1819.0,4496242,,,,,,,,,,
281,1822.0,4496278,,,,,,,,,,
282,1825.0,4496280,,,,,,,,,,
283,1826.0,4496396,,,,,,,,,,
284,,4499256,01466500,-74.50527778,39.885,1953-10-01,2024-12-02,POINT (-74.50527778 39.885),71.17043121149898,2040202001971.0,-74.5056529644129,39.88497736377091
285,1827.0,4499292,,,,,,,,,,
286,1828.0,4499318,,,,,,,,,,
287,1829.0,4499322,,,,,,,,,,
288,1830.0,4499332,,,,,,,,,,
289,2005.0,4648506,,,,,,,,,,
290,2006.0,4648508,,,,,,,,,,
291,2007.0,4648544,01480400,-75.8449449,40.0273261,1995-02-01,2024-12-01,POINT (-75.8449449 40.0273261),29.831622176591377,2040205000769.0,-75.84452173723008,40.02719719623617
292,2008.0,4648568,01480700,-75.7085488,40.03482757,1965-10-01,2024-12-01,POINT (-75.7085488 40.03482757),59.16769336071184,2040205000053.0,-75.70851157751989,40.034595205630936
293,2009.0,4648686,01480675,-75.74159878,40.09787927,1966-08-01,2024-12-01,POINT (-75.74159878 40.09787927),58.33538672142368,2040205000702.0,-75.74148220580474,40.09806580563861
294,2010.0,4648694,01480300,-75.8607744,40.07287916,1960-06-01,2024-12-01,POINT (-75.8607744 40.07287916),64.50102669404518,2040205000089.0,-75.86069668212882,40.07227685883363
295,2011.0,4648708,,,,,,,,,,
296,,4648728,01480685,-75.71632459,40.05538195,1973-06-01,2024-12-01,POINT (-75.71632459 40.05538195),51.50171115674196,2040205005903.0,-75.71796198623245,40.05477145083783
297,2012.0,4650548,01480870,-75.6732715,39.9687191,1972-02-01,2024-12-01,POINT (-75.6732715 39.9687191),52.83230663928816,2040205000049.0,-75.67315955418682,39.968251739727805
298,2014.0,4650580,01480617,-75.8013341,39.9617734,1970-01-01,2024-12-01,POINT (-75.8013341 39.9617734),54.91581108829569,2040205000082.0,-75.80083010395427,39.96174365285881
299,2015.0,4650688,,,,,,,,,,
300,2016.0,4650692,,,,,,,,,,
301,2017.0,4650698,01480638,-75.6846599,39.9303864,2002-12-24,2024-09-30,POINT (-75.6846599 39.9303864),21.76865160848734,2040205000217.0,-75.68482773101329,39.93016568587357
302,2018.0,4650714,,,,,,,,,,
303,,4651042,01478137,-75.7791061,39.8217764,1997-07-10,2024-12-01,POINT (-75.7791061 39.8217764),27.394934976043807,2040205000604.0,-75.77963600053104,39.82160492548589
304,2019.0,4651090,01479820,-75.6916008,39.81677739,1988-01-01,2024-12-01,POINT (-75.6916008 39.81677739),36.91718001368925,2040205000112.0,-75.6909587016884,39.81665536592958
305,2020.0,4651124,,,,,,,,,,
306,2021.0,4651254,01478245,-75.7708333,39.7475,1996-08-01,2024-12-01,POINT (-75.7708333 39.7475),28.33401779603012,2040205000129.0,-75.77005413210969,39.74745318035521
307,2022.0,4651270,,,,,,,,,,
308,2023.0,4651292,,,,,,,,,,
309,2024.0,4651348,,,,,,,,,,
310,2025.0,4651352,,,,,,,,,,
311,2026.0,4651394,,,,,,,,,,
312,2027.0,4651470,,,,,,,,,,
313,2028.0,4651852,,,,,,,,,,
314,2029.0,4651906,01477800,-75.5186944,39.7609722,1945-12-01,2024-12-01,POINT (-75.5186944 39.7609722),79.00068446269678,2040205000836.0,-75.51889628374752,39.76084940449293
315,2030.0,4651912,01480000,-75.6365,39.76280556,1943-04-01,2024-12-01,POINT (-75.6365 39.76280556),81.67008898015058,2040205000108.0,-75.63625867068396,39.76272096931977
316,2031.0,4651930,01480015,-75.6399444,39.71575,1988-10-01,2024-12-01,POINT (-75.6399444 39.71575),36.167008898015055,2040205000107.0,-75.63973794687928,39.71534825625418
317,2032.0,4651934,01478500,-75.7593801,39.71400027,1952-03-01,1980-01-16,POINT (-75.7593801 39.71400027),27.87679671457905,2040205000124.0,-75.75868983942874,39.71381832120501
318,2033.0,4651938,01479000,-75.67502778,39.6992222,1931-10-01,2024-12-01,POINT (-75.67502778 39.6992222),93.1690622861054,2040205000118.0,-75.67444954126454,39.69887873407868
319,2034.0,4651944,01478650,-75.74875,39.6892222,1994-03-01,2024-12-01,POINT (-75.74875 39.6892222),30.75427789185489,2040205000123.0,-75.74859282285824,39.68970191005713
320,2035.0,4651950,,,,,,,,,,
321,2036.0,4651956,01478000,-75.72788889,39.63738889,1943-04-01,2024-12-01,POINT (-75.72788889 39.63738889),81.67008898015058,2040205000155.0,-75.7278901161716,39.63699774346919
322,2037.0,4652046,01481000,-75.5932623,39.8698328,1911-10-01,2024-12-01,POINT (-75.5932623 39.8698328),113.1690622861054,2040205000948.0,-75.59327405662123,39.86934229203102
323,2038.0,4652052,,,,,,,,,,
324,2039.0,4652094,,,,,,,,,,
325,2040.0,4652144,,,,,,,,,,
326,2041.0,4652180,,,,,,,,,,
327,2042.0,4653396,,,,,,,,,,
328,,4653400,01483155,-75.7094722,39.4309722,2001-04-01,2024-12-01,POINT (-75.7094722 39.4309722),23.668720054757017,2040205000380.0,-75.70942790709182,39.43126398247964
329,2043.0,4653422,01483200,-75.66938889,39.36627778,1956-10-01,2024-12-01,POINT (-75.66938889 39.36627778),68.16700889801506,2040205000006.0,-75.66923406591488,39.36655168300219
330,,4653600,01483170,-75.6877222,39.4626111,1978-09-06,2014-06-30,POINT (-75.6877222 39.4626111),35.813826146475016,2040205000384.0,-75.68750408731816,39.462706132294265
331,2044.0,4655354,,,,,,,,,,
332,2045.0,4655358,,,,,,,,,,
333,2046.0,4655440,01481500,-75.5766944,39.7695,1946-10-01,2024-12-01,POINT (-75.5766944 39.7695),78.16837782340862,2040205000021.0,-75.57684771446608,39.76935095283794
334,2047.0,4655444,,,,,,,,,,
335,2048.0,4655446,,,,,,,,,,
336,2277.0,4778811,01469500,-75.97185458,40.8069505,1919-10-01,2024-12-02,POINT (-75.97185458 40.8069505),105.17180013689254,2040203000192.0,-75.97194720878707,40.80646348179874
337,,4778833,01469700,-75.9565925,40.77314556,1950-04-01,2010-07-15,POINT (-75.9565925 40.77314556),60.28747433264887,2040203000189.0,-75.95701387412645,40.77284595233888
338,2278.0,4779015,,,,,,,,,,
339,2279.0,4779053,01470756,-75.8829816,40.5142605,1973-01-19,1995-09-29,POINT (-75.8829816 40.5142605),22.691307323750856,2040203000144.0,-75.88268077352191,40.51381361679274
340,2280.0,4779167,01470500,-75.99826819,40.5225932,1947-08-01,2024-12-01,POINT (-75.99826819 40.5225932),77.33607118412047,2040203001380.0,-75.99788054519361,40.52219271196596
341,,4779457,01467470,-76.1635523,40.6945344,1949-02-14,1978-06-30,POINT (-76.1635523 40.6945344),29.371663244353183,2040203000950.0,-76.16393781184247,40.69433458765535
342,2281.0,4779499,01467500,-76.1863318,40.68370115,1943-10-01,1969-09-29,POINT (-76.1863318 40.68370115),25.9958932238193,2040203000940.0,-76.18677698752091,40.68344150873
343,,4779603,01468500,-76.1246622,40.6292577,1947-10-01,2024-12-01,POINT (-76.1246622 40.6292577),77.1690622861054,2040203000934.0,-76.1235398223755,40.6290542293852
344,2282.0,4779607,,,,,,,,,,
345,2283.0,4779657,,,,,,,,,,
346,2284.0,4779701,,,,,,,,,,
347,2285.0,4779703,,,,,,,,,,
348,2286.0,4779719,,,,,,,,,,
349,2287.0,4779859,,,,,,,,,,
350,2288.0,4780625,,,,,,,,,,
351,2289.0,4780723,01472198,-75.5154532,40.393898,1981-08-24,2024-12-01,POINT (-75.5154532 40.393898),43.27173169062286,2040203000088.0,-75.5150961959189,40.393665926261086
352,2290.0,4780787,01472199,-75.5224034,40.3739879,1981-10-01,2024-12-01,POINT (-75.5224034 40.3739879),43.16769336071184,2040203000542.0,-75.5218574155457,40.374217259605786
353,2291.0,4780921,01471875,-75.7421359,40.339538,1993-10-01,2024-12-01,POINT (-75.7421359 40.339538),31.16769336071184,2040203000113.0,-75.74235725312752,40.33930880787498
354,,4781165,01472500,-75.4551769,40.27510179,1884-09-01,1913-12-31,POINT (-75.4551769 40.27510179),29.32785763175907,2040203000069.0,-75.45527592276453,40.27496280343875
355,2292.0,4781171,,,,,,,,,,
356,2293.0,4781199,01471980,-75.6799095,40.2728729,1974-08-01,2004-09-30,POINT (-75.6799095 40.2728729),30.16563997262149,2040203000106.0,-75.6802281664328,40.27300585965006
357,2294.0,4781261,01472810,-75.4287873,40.2587137,1991-01-18,2024-12-01,POINT (-75.4287873 40.2587137),33.869952087611225,2040203000050.0,-75.43029054725012,40.25821888048175
358,2295.0,4781633,,,,,,,,,,
359,2296.0,4781635,,,,,,,,,,
360,2297.0,4781647,,,,,,,,,,
361,2298.0,4781731,01473900,-75.2198992,40.1239987,1961-09-01,2024-12-01,POINT (-75.2198992 40.1239987),63.2498288843258,2040203001362.0,-75.22031250456224,40.12397985514709
362,2299.0,4781877,01473169,-75.46074808,40.07927367,1982-10-01,2024-12-01,POINT (-75.46074808 40.07927367),42.16837782340863,2040203000511.0,-75.46098352127902,40.07934168409972
363,2300.0,4782009,01472620,-75.2343416,40.40399276,1983-10-01,2024-12-01,POINT (-75.2343416 40.40399276),41.16906228610541,2040203000064.0,-75.23470216111606,40.40371292048927
364,2301.0,4782017,01471000,-75.9791015,40.36898166,1950-10-01,2024-12-01,POINT (-75.9791015 40.36898166),74.16837782340862,2040203000224.0,-75.97901379247975,40.36936297841058
365,2302.0,4782087,,,,,,,,,,
366,2303.0,4782107,01473000,-75.451567,40.22954725,1914-10-01,2024-12-01,POINT (-75.451567 40.22954725),110.16837782340862,2040203000046.0,-75.45173184265344,40.22968817033402
367,2304.0,4782141,01473120,-75.433239,40.1645495,1966-05-01,1994-09-29,POINT (-75.433239 40.1645495),28.413415468856947,2040203000447.0,-75.43448369898,40.16404999751089
368,2305.0,4782153,01472157,-75.601305,40.15149064,1968-10-01,2024-12-01,POINT (-75.601305 40.15149064),56.167008898015055,2040203000255.0,-75.60126323279547,40.15209560255256
369,2306.0,4782171,,,,,,,,,,
370,2307.0,4782187,01474000,-75.2068343,40.0152903,1965-10-01,2024-12-01,POINT (-75.2068343 40.0152903),59.16769336071184,2040203000002.0,-75.20654186267974,40.01524555527117
371,2308.0,4782189,,,,,,,,,,
372,2309.0,4782255,,,,,,,,,,
373,2310.0,4782257,,,,,,,,,,
374,2311.0,4782265,,,,,,,,,,
375,2312.0,4782271,,,,,,,,,,
376,2313.0,4782273,,,,,,,,,,
377,2314.0,4782307,,,,,,,,,,
378,2315.0,4782309,,,,,,,,,,
379,2316.0,4782313,01471510,-75.9368333,40.3353611,1914-10-01,2024-12-01,POINT (-75.9368333 40.3353611),110.16837782340862,2040203000136.0,-75.93707769243248,40.33495437944677
380,2317.0,4782395,,,,,,,,,,
381,2318.0,4782429,,,,,,,,,,
382,2319.0,4782441,01472000,-75.6515752,40.2417631,1927-10-01,2024-12-01,POINT (-75.6515752 40.2417631),97.1690622861054,2040203000102.0,-75.65166996697253,40.242028377097824
383,,4782491,01473500,-75.3561111,40.11555556,1927-10-01,2024-12-01,POINT (-75.3561111 40.11555556),97.1690622861054,2040203000027.0,-75.35526688725517,40.11525162558406
384,2320.0,4782501,,,,,,,,,,
385,2321.0,4782503,,,,,,,,,,
386,2322.0,4782505,,,,,,,,,,
387,2323.0,4782541,,,,,,,,,,
388,2324.0,4782543,,,,,,,,,,
389,2325.0,4782559,,,,,,,,,,
390,2326.0,4782565,,,,,,,,,,
391,2327.0,4782629,,,,,,,,,,
392,2330.0,4783025,,,,,,,,,,
393,2331.0,4783069,,,,,,,,,,
394,2332.0,4783101,01470779,-76.1716128,40.4134258,1974-11-22,2024-12-01,POINT (-76.1716128 40.4134258),50.02600958247776,2040203000241.0,-76.17139538967656,40.41326053956232
395,2333.0,4783213,01470960,-76.0252159,40.3706482,1965-05-01,2024-12-01,POINT (-76.0252159 40.3706482),59.58658453114305,2040203000226.0,-76.02448690287167,40.370911590023866
396,2334.0,4783303,01470853,-76.1432785,40.34009236,1982-10-01,2005-09-29,POINT (-76.1432785 40.34009236),22.99520876112252,2040203000467.0,-76.14349363170585,40.34038155873093
397,2335.0,4783445,,,,,,,,,,
398,2336.0,4783453,,,,,,,,,,
399,2337.0,4783475,,,,,,,,,,
400,2338.0,4784831,01474500,-75.1885007,39.9677908,1931-10-01,2024-12-01,POINT (-75.1885007 39.9677908),93.1690622861054,2040203000001.0,-75.18763975478262,39.968457185484624
401,2339.0,4784843,,,,,,,,,,
402,2686.0,8074660,01483700,-75.5190833,39.1637222,1958-01-01,2024-12-01,POINT (-75.5190833 39.1637222),66.91581108829568,2040207000133.0,-75.5192440817556,39.163796698548346
403,,8075192,01483500,-75.6323056,39.2328611,1931-07-01,2020-01-01,POINT (-75.6323056 39.2328611),88.50376454483231,2040207000159.0,-75.63222344907331,39.23303653070452
404,2687.0,8075214,,,,,,,,,,
405,2688.0,8075756,,,,,,,,,,
406,2689.0,8075784,,,,,,,,,,
407,2690.0,8075804,,,,,,,,,,
408,2691.0,8075808,,,,,,,,,,
409,2692.0,8076762,01484000,-75.5669167,38.97602778,1931-07-01,2020-01-01,POINT (-75.5669167 38.97602778),88.50376454483231,2040207000096.0,-75.56646643137674,38.97606645881252
410,2693.0,8076836,,,,,,,,,,
411,2694.0,8077030,01484100,-75.51275,38.90577778,1958-05-01,2024-12-01,POINT (-75.51275 38.90577778),66.58726899383984,2040207000054.0,-75.51280380536932,38.90597725044867
412,2695.0,8077194,01484300,-75.3271366,38.81427928,1956-10-01,1978-09-29,POINT (-75.3271366 38.81427928),21.99315537303217,2040207000237.0,-75.32692777520238,38.81404560202402
413,,8077692,01484270,-75.2671335,38.76150117,1971-05-01,2005-09-29,POINT (-75.2671335 38.76150117),34.41478439425051,2040207000452.0,-75.26629453909526,38.76179852556957
414,2696.0,8077776,,,,,,,,,,
415,2697.0,8077930,,,,,,,,,,
416,2698.0,8078046,,,,,,,,,,
417,2699.0,8080210,,,,,,,,,,
418,2700.0,8080218,,,,,,,,,,
419,3557.0,9480708,,,,,,,,,,
420,3558.0,9480994,,,,,,,,,,
421,3559.0,9481056,,,,,,,,,,
422,3560.0,9481686,01411456,-75.0675,39.65888889,1987-10-28,2016-09-30,POINT (-75.0675 39.65888889),28.92539356605065,2040206000081.0,-75.06814686031181,39.65611699406672
423,3561.0,9481750,,,,,,,,,,
424,3562.0,9481756,,,,,,,,,,
425,,9481992,01482500,-75.33027778,39.64388889,1940-04-01,2024-12-02,POINT (-75.33027778 39.64388889),84.67077344284736,2040206000219.0,-75.3299650065526,39.64326673541313
426,3563.0,9482016,,,,,,,,,,
427,3564.0,9482216,,,,,,,,,,
428,,9482230,01483000,-75.3605556,39.56555556,1952-10-01,1972-10-25,POINT (-75.3605556 39.56555556),20.06570841889117,2040206030024.0,-75.36030701961887,39.56501227426872
429,3565.0,9482268,,,,,,,,,,
430,3566.0,9482588,,,,,,,,,,
431,,9483432,01412000,-74.9658333,39.41916667,1931-06-01,2024-11-05,POINT (-74.9658333 39.41916667),93.4318959616701,2040206001805.0,-74.96584270185241,39.41945533505052
432,3567.0,9484462,01412800,-75.2555556,39.4725,1977-10-01,2024-12-01,POINT (-75.2555556 39.4725),47.16769336071184,2040206000148.0,-75.25580196601052,39.47176645775888
433,3568.0,9484562,,,,,,,,,,
434,3569.0,9484602,,,,,,,,,,
435,3570.0,9485398,01411500,-75.0769444,39.49555556,1932-10-01,2024-12-02,POINT (-75.0769444 39.49555556),92.1697467488022,2040206001807.0,-75.07589122484056,39.49503393521257
436,3571.0,9485784,,,,,,,,,,
437,3572.0,9486118,,,,,,,,,,
438,3573.0,9486302,,,,,,,,,,
439,3574.0,9486502,,,,,,,,,,
440,4182.0,24902758,,,,,,,,,,
441,4183.0,24902842,,,,,,,,,,
442,4184.0,24902854,,,,,,,,,,
443,4185.0,24902860,,,,,,,,,,
444,4186.0,24903444,,,,,,,,,,
445,4187.0,24903456,,,,,,,,,,
446,4190.0,24903500,,,,,,,,,,
447,4191.0,24903534,,,,,,,,,,
448,4192.0,24903548,,,,,,,,,,
449,4193.0,24903566,,,,,,,,,,
450,4194.0,24903606,,,,,,,,,,
451,4195.0,24903632,,,,,,,,,,
452,4198.0,24903672,,,,,,,,,,
453,4199.0,24903688,,,,,,,,,,
454,4200.0,24903694,,,,,,,,,,
455,4201.0,24903740,,,,,,,,,,
456,4202.0,24903746,,,,,,,,,,
457,4204.0,24903778,,,,,,,,,,
458,4205.0,24903800,,,,,,,,,,
459,4206.0,25015872,,,,,,,,,,
460,4230.0,25039918,,,,,,,,,,
461,4231.0,25039924,,,,,,,,,,
462,,932040162,01480500,-75.8274467,39.98566144,1943-10-01,2024-12-01,POINT (-75.8274467 39.98566144),81.1690622861054,2040205000083.0,-75.82747106759435,39.98525727024873
