name,0.1_nhm_fdc,0.5_nhm_fdc,0.9_nhm_fdc,TOT_BFI,TOT_PET,TOT_CONTACT,TOT_EWT,TOT_IEOF,TOT_RECHG,TOT_SATOF,TOT_TWI,TOT_WB5100_ANN,TOT_FUNGICIDE,TOT_OLSON_PERM,TOT_FSTFZ6190,TOT_LSTFZ6190,TOT_MAXP6190,TOT_MAXWD6190,TOT_MINWD6190,TOT_HERBICIDE,TOT_INSECTICIDE,TOT_N97,TOT_NEMATICIDE,TOT_P97,TOT_PRSNOW,TOT_CWD,TOT_ET,TOT_RH,TOT_POPDENS90,TOT_TMAX7100,TOT_TAV7100_ANN,TOT_TMIN7100,TOT_CNPY11_BUFF100,TOT_IMPV01_BUFF100,TOT_IMPV06,TOT_IMPV06_BUFF100,TOT_DITCHES92,TOT_TILES92,TOT_HGA,TOT_HGAC,TOT_HGAD,TOT_HGB,TOT_HGBC,TOT_HGBD,TOT_HGC,TOT_POPDENS00,TOT_HGCD,TOT_HGD,TOT_HGVAR,TOT_SILTAVE,TOT_CLAYAVE,TOT_SANDAVE,TOT_POPDENS10,TOT_SRL25AG,TOT_SRL35AG,TOT_SRL45AG,TOT_SRL55AG,TOT_MINP6190,TOT_WDANN,TOT_SALINAVE,TOT_PPT7100_ANN,TOT_MIRAD_2002,TOT_MIRAD_2007,TOT_MIRAD_2012,TOT_NLCD01_11,TOT_NLCD01_12,TOT_NLCD01_21,TOT_NLCD01_22,TOT_NLCD01_23,TOT_NLCD01_24,TOT_NLCD01_31,TOT_NLCD01_41,TOT_NLCD01_42,TOT_NLCD01_43,TOT_NLCD01_52,TOT_NLCD01_71,TOT_NLCD01_81,TOT_NLCD01_82,TOT_NLCD01_90,TOT_NLCD01_95,TOT_BEDPERM_6,TOT_BEDPERM_1,TOT_BEDPERM_2,TOT_BEDPERM_3,TOT_BEDPERM_4,TOT_BEDPERM_5,TOT_BEDPERM_7,TOT_RUN7100,TOT_BASIN_AREA,TOT_BASIN_SLOPE,TOT_ELEV_MEAN,TOT_ELEV_MIN,TOT_ELEV_MAX,TOT_STREAM_SLOPE,TOT_STREAM_LENGTH,TOT_STRM_DENS,CAT_sinuosity,TOT_RDX,TOT_STREAMRIVER,TOT_ARTIFICIAL,TOT_CANALDITCH,TOT_CONNECTOR,TOT_PIPELINE,TOT_TOTAL_ROAD_DENS,TOT_PLAYA,TOT_ICEMASS,TOT_LAKEPOND,TOT_RESERVOIR,TOT_SWAMPMARSH,TOT_ESTUARY,TOT_PEST219,TOT_NPDES_MAJ_DENS,TOT_NPDES_MAJ,TOT_FRESHWATER_WD,TOT_WILDFIRE_2011,TOT_ROCKTYPE_100,TOT_ROCKTYPE_200,TOT_ROCKTYPE_300,TOT_ROCKTYPE_400,TOT_ROCKTYPE_500,TOT_ROCKTYPE_600,TOT_ROCKTYPE_999,TOT_KGBI,TOT_KGCLADO,TOT_KGFISH,TOT_NDAMS2013,TOT_NID_STORAGE2013,TOT_NORM_STORAGE2013,TOT_MAJOR2013,TOT_HDENS10,CAT_WILDFIRE_2011,CAT_CONTACT,CAT_EWT,CAT_FUNGICIDE,CAT_IEOF,CAT_PET,CAT_RECHG,CAT_SATOF,CAT_TWI,CAT_WB5100_ANN,CAT_FSTFZ6190,CAT_LSTFZ6190,CAT_MAXP6190,CAT_MAXWD6190,CAT_MINWD6190,CAT_PRSNOW,CAT_CWD,CAT_TMAX7100,CAT_TMIN7100,CAT_CNPY11_BUFF100,CAT_IMPV01_BUFF100,CAT_IMPV06,CAT_INSECTICIDE,CAT_N97,CAT_NEMATICIDE,CAT_P97,CAT_RH,CAT_TAV7100_ANN,CAT_IMPV06_BUFF100,CAT_TILES92,CAT_SILTAVE,CAT_CLAYAVE,CAT_HGD,CAT_HGCD,CAT_HGVAR,CAT_HGA,CAT_HGAD,CAT_HGB,CAT_HGAC,CAT_HGBD,CAT_HGBC,CAT_SANDAVE,CAT_SRL25AG,CAT_SRL35AG,CAT_POPDENS90,CAT_POPDENS10,CAT_SRL45AG,CAT_SRL55AG,CAT_MINP6190,CAT_WDANN,CAT_SALINAVE,CAT_MIRAD_2012,CAT_MIRAD_2002,CAT_NLCD01_52,CAT_NLCD01_71,CAT_NLCD01_81,CAT_NLCD01_82,CAT_NLCD01_90,CAT_NLCD01_95,CAT_NLCD01_11,CAT_NLCD01_12,CAT_NLCD01_21,CAT_NLCD01_22,CAT_NLCD01_23,CAT_NLCD01_24,CAT_NLCD01_31,CAT_NLCD01_41,CAT_NLCD01_42,CAT_BEDPERM_1,CAT_BEDPERM_2,CAT_BEDPERM_3,CAT_BEDPERM_4,CAT_BEDPERM_5,CAT_BEDPERM_6,CAT_BEDPERM_7,CAT_CANALDITCH,CAT_CONNECTOR,CAT_ELEV_MAX,CAT_RDX,CAT_PIPELINE,CAT_STREAM_SLOPE,CAT_STREAM_LENGTH,CAT_STRM_DENS,CAT_STREAMRIVER,CAT_ICEMASS,CAT_LAKEPOND,CAT_PEST219,CAT_PLAYA,CAT_NPDES_MAJ,CAT_NPDES_MAJ_DENS,CAT_RESERVOIR,CAT_SWAMPMARSH,CAT_TOTAL_ROAD_DENS,CAT_ROCKTYPE_100,CAT_ROCKTYPE_200,CAT_ROCKTYPE_300,CAT_ROCKTYPE_400,CAT_ROCKTYPE_500,CAT_ROCKTYPE_600,CAT_KGBI,CAT_KGCLADO,CAT_KGFISH,CAT_NORM_STORAGE2013,CAT_HGC,CAT_NLCD01_43,CAT_ROCKTYPE_999,CAT_ARTIFICIAL,CAT_BASIN_AREA,CAT_BASIN_SLOPE,CAT_BFI,CAT_DITCHES92,CAT_ET,CAT_ELEV_MEAN,CAT_ELEV_MIN,CAT_ESTUARY,CAT_FRESHWATER_WD,CAT_HERBICIDE,CAT_MAJOR2013,CAT_MIRAD_2007,CAT_NDAMS2013,CAT_NID_STORAGE2013,CAT_OLSON_PERM,CAT_POPDENS00,CAT_PPT7100_ANN,CAT_RUN7100,comid,long,lat,0.1_monthly_prcp_diff,0.5_monthly_prcp_diff,0.9_monthly_prcp_diff,mean,std,skew,kurt,cv,high_q,low_q,min,max,PC1,PC2,PC3,PC4,PC5,PC6,PC7,PC8,PC9,PC10
cannonsville,131.29523863387695,437.2204171951213,1322.09989657801,41.81,559.71,55.58,-33.52,2.59,251.45,2.13,10.86,550.26,0.58,0.17,261.32,147.12,108.3,13.45,10.14,4.76,0.55,846.42,0.09,170.27,28.7,1.95,536.0,66.46,14.65,12.5,6.78,0.49,44.11,0.92,0.37,0.93,0.1183,1.1536,3.77,0.0,0.14,1.95,0.0,0.0,89.31,14.56,3.47,1.37,0.0,57.79,13.91,28.29,15.15,0.0,6.01,8.87,23.11,62.88,140.52,0.0,1131.72,0.02,0.02,0.02,0.86,0.0,2.99,0.42,0.09,0.04,0.94,61.38,3.02,4.93,0.55,0.98,19.15,3.21,1.08,0.33,0.0,100.0,0.0,0.0,0.0,0.0,0.0,496.76,1180.31,18.13,571.9,336.13,1018.5,0.011047,640.02,0.54,1.43,469.0,91.6,7.85,0.0,0.0,0.54,1.4,0.0,0.0,1.95,0.0,0.06,0.0,7.06,0.17,2.0,43.64,0.0,0.0,0.0,0.0,0.0,0.0,0.0,100.0,0.55,1.31,0.02,23.0,452625.3,302615.8,1.0,7.46,0.0,49.34,-27.43,0.01,3.12,597.8,227.49,2.0,9.86,504.04,272.71,139.64,104.53,13.69,10.0,28.05,1.95,13.42,1.57,0.05,0.0,0.17,0.02,106.82,0.0,21.49,67.07,7.73,0.0,0.0008,59.99,15.19,0.37,5.1,0.0,0.0,0.0,0.0,0.0,0.0,0.0,24.86,0.0,0.0,3.79,5.04,0.62,0.62,69.43,140.69,0.0,0.0,0.0,0.32,0.56,1.82,0.0,0.2,0.04,21.62,0.0,2.0,0.22,0.0,0.0,8.46,36.39,8.24,100.0,0.0,0.0,0.0,0.0,0.0,0.0,0.0,0.21,581.1,0.0,0.0,0.0,4.577,0.4,0.0,0.0,29.25,0.9,0.0,0.0,0.0,0.0,0.0,0.67,0.0,0.0,0.0,0.0,0.0,0.0,0.05,0.12,0.0,300999.0,94.53,20.13,100.0,99.79,11.45,18.2,41.0,0.0145,535.0,420.46,336.13,0.0,43.8,0.13,1.0,0.0,1.0,450000.0,0.16,3.93,1118.91,496.0,2614136.0,-75.37462,42.065872,-82.32501628197846,-70.83418818891002,-62.217978202057914,6.057278245898236,0.9137372633999659,0.020105282735575537,0.18906363454282138,0.15084947831457385,7.186976582152898,4.877448496672862,3.091643689386405,9.69062915793686,4.1394678480162215,-81.53960423457792,214.35463163609862,-94.96719643672675,-66.14179148330969,-42.05628968387597,-85.96174008948502,15.151249960089249,124.45517083766303,-56.22018153690742
pepacton,145.11203731351546,375.2462843400979,1069.1858095873486,43.7,541.15,46.62,-36.34,3.29,324.73,2.28,10.7,574.1,0.43,0.16,263.14,144.46,108.71,12.14,9.1,1.49,0.22,380.87,0.03,77.63,30.05,1.95,523.0,67.05,6.57,11.91,6.26,0.13,43.75,0.87,0.17,0.87,0.0488,0.0743,0.82,0.0,0.23,0.38,0.0,0.0,87.28,7.47,8.46,2.83,0.0,59.48,14.46,26.06,7.3,0.2,5.04,9.38,26.27,61.49,127.35,0.0,1139.39,0.12,0.01,0.13,2.03,0.0,2.4,0.2,0.03,0.0,0.39,73.3,5.44,5.75,0.16,0.67,7.59,0.99,0.88,0.16,0.0,100.0,0.0,0.0,0.0,0.0,0.0,495.61,967.12,21.9,631.7,329.6,1179.95,0.003597,305.78,0.32,1.07,234.0,84.95,13.16,0.0,0.0,1.88,1.39,0.0,0.0,2.64,0.0,0.05,0.0,5.55,0.0,0.0,42.29,0.0,0.0,0.0,0.0,0.0,0.0,0.0,100.0,0.3,0.68,0.02,12.0,611125.0,421103.0,1.0,6.57,0.0,16.47,-69.33,0.46,0.17,565.32,265.86,2.0,14.01,590.99,264.64,142.36,110.06,13.0,10.0,28.78,1.95,12.97,1.05,18.49,0.45,0.54,0.41,556.62,0.07,111.61,67.0,6.97,0.45,0.0122,56.36,14.94,1.41,3.84,0.0,8.47,0.0,4.39,0.0,0.0,0.0,28.89,0.0,0.12,9.4,12.65,0.43,0.43,62.84,135.01,0.0,0.0,0.0,0.0,0.86,9.4,1.76,4.94,0.13,2.06,0.0,4.2,0.68,0.28,0.0,0.0,61.89,9.5,100.0,0.0,0.0,0.0,0.0,0.0,0.0,0.0,0.0,714.7,3.0,0.0,0.01,2.085,0.38,100.0,0.0,0.0,5.25,0.0,0.0,0.0,0.0,0.0,1.62,0.0,0.0,0.0,0.0,0.0,0.0,0.28,0.67,0.01,0.0,81.88,4.31,100.0,0.0,5.47,23.15,43.81,0.076,560.0,452.33,329.6,0.0,43.8,3.77,0.0,0.0,0.0,0.0,0.16,10.21,1152.18,496.0,1748727.0,-74.965531,42.073603,-76.09042428243832,-70.76056001567906,-64.315518218666,5.967390765613461,0.7852921700267825,0.40242916745471796,0.4446593063207307,0.13159724255900188,6.974652630992704,4.977505796679097,3.8333383679039064,9.551577395746268,-9.656340603848133,-3.313312899901086,12.905599552213504,-3.5812134427856335,-5.727792481810127,-0.1496455355975428,-0.9975988496148622,-1.2600655845991624,1.8712893472915222,1.165579026670259
neversink,49.03438272327572,96.38908217052096,287.58345158878143,48.81,523.25,64.88,-27.32,4.15,445.4,2.6,10.59,792.86,0.92,0.16,267.73,138.26,132.94,12.39,9.63,0.45,0.15,142.35,0.03,32.28,32.17,1.86,493.0,69.07,5.53,11.15,5.75,0.26,64.34,0.19,0.09,0.19,0.0,2.7436,1.07,0.0,0.0,0.56,0.0,0.0,79.91,7.49,13.82,4.65,0.0,58.2,14.95,26.86,7.15,0.46,0.46,6.88,8.1,91.89,129.87,0.0,1452.81,0.05,0.0,0.0,1.73,0.0,1.24,0.12,0.01,0.0,0.67,69.05,10.16,13.45,0.1,0.19,1.75,0.24,1.24,0.05,0.0,100.0,0.0,0.0,0.0,0.0,0.0,633.04,255.79,18.53,690.6,366.27,1264.99,0.01367,100.95,0.39,1.09,30.0,76.82,10.67,0.0,0.39,12.12,0.84,0.0,0.0,2.69,0.0,0.0,0.0,2.38,0.0,0.0,40.87,0.0,0.0,0.0,0.0,0.0,0.0,0.0,100.0,0.07,0.16,0.01,3.0,142260.0,109074.0,1.0,6.85,0.0,229.45,-25.63,0.59,4.97,583.29,355.73,3.0,11.74,594.22,273.35,131.58,118.61,12.0,9.0,27.0,1.86,13.1,1.7,50.05,1.44,0.77,0.34,1010.41,0.15,227.54,68.0,7.47,1.44,4.6811,45.13,15.77,2.89,0.96,0.0,17.35,0.0,9.0,0.0,0.0,0.0,39.08,0.5,0.5,34.48,61.22,10.16,10.58,79.35,123.96,0.0,0.0,0.0,0.0,0.04,11.84,1.61,2.97,0.0,0.06,0.0,5.37,1.3,0.18,0.0,0.04,48.91,12.78,100.0,0.0,0.0,0.0,0.0,0.0,0.0,0.0,0.0,538.59,2.0,0.0,0.0,4.143,0.27,99.74,0.0,0.63,14.53,0.0,0.0,0.0,0.0,0.0,2.55,0.0,0.0,0.0,0.0,0.0,0.0,0.24,0.56,0.02,0.0,69.79,14.91,100.0,0.26,15.22,10.23,49.7,0.0,541.0,433.87,366.27,0.0,19.92,1.9,0.0,0.0,0.0,0.0,0.16,62.13,1266.58,637.0,4147432.0,-74.643266,41.821286,-73.14386349208843,-70.54564110869993,-67.99292315085145,4.684703241593366,0.7327497236114796,1.0153496797507142,1.605760138619619,0.15641326372729986,5.6615130798744655,3.8925216935128644,2.731946268190368,8.687578158237168,-9.750420451250848,2.633803048493718,3.210841942877491,-6.9363459072578655,0.8503852082267452,1.5105718223766527,-0.7720190018687983,1.3903388215291528,-1.677237974736751,-0.5183220114349786
wallenpaupack,52.77875240425664,203.11953043659355,598.0260633129037,43.21,565.47,195.76,-27.34,5.96,258.49,2.97,11.57,583.43,0.88,0.16,270.61,138.04,111.92,11.68,9.07,1.56,0.32,453.47,0.01,95.58,28.73,1.83,537.0,66.22,28.14,12.87,0.0,1.25,53.55,0.81,0.91,0.81,0.0,0.8488,2.85,0.0,0.0,3.93,0.0,1.34,88.63,38.7,0.15,3.1,0.0,55.03,17.6,27.36,45.32,0.25,0.25,36.28,68.46,72.92,124.93,0.0,1165.01,0.0,0.02,0.0,6.43,0.0,7.1,1.26,0.22,0.07,0.05,58.07,2.86,8.91,0.38,0.21,6.55,0.72,6.53,0.64,0.0,99.33,0.0,0.0,0.0,0.67,0.0,605.37,589.83,7.65,478.15,266.09,699.28,0.010751,395.31,0.67,1.08,452.0,77.08,22.78,0.0,0.14,0.0,2.64,0.0,0.0,6.6,0.0,3.8,0.0,4.79,0.0,0.0,2.68,0.0,0.0,0.0,0.0,0.0,0.85,0.0,99.15,0.31,0.69,0.02,39.0,297163.5,144270.5,2.0,35.18,0.0,103.7,-37.99,1.43,2.0,583.73,222.24,2.0,9.36,457.63,277.68,133.0,103.99,12.0,9.0,28.0,1.83,13.85,1.75,64.46,2.28,3.2,0.49,68.67,0.01,12.17,65.32,7.7,2.28,0.0019,57.51,17.37,0.19,0.0,0.0,5.42,0.0,10.33,0.0,0.61,0.0,24.99,0.0,0.0,23.69,25.84,0.0,0.0,66.32,121.0,0.0,0.0,0.0,3.51,0.15,0.0,0.2,4.96,0.0,0.0,0.0,4.36,3.17,1.69,0.84,0.0,77.91,0.28,100.0,0.0,0.0,0.0,0.0,0.0,0.0,0.0,0.0,429.82,4.0,0.0,0.02,3.128,0.64,100.0,0.0,0.35,0.23,0.0,0.0,0.0,0.0,2.3,1.72,0.0,0.0,0.0,0.0,0.36,0.0,0.24,0.52,0.02,0.0,83.45,2.93,99.64,0.0,4.85,8.26,38.37,0.0,523.0,372.28,266.09,0.0,1.02,3.18,0.0,0.0,0.0,0.0,0.15,29.67,1067.18,605.0,2742586.0,-75.18423,41.460825,-80.75075120108886,-74.37088436908127,-64.39783333942141,5.246580122301442,0.9491763273413971,-0.13666819951675094,-0.0528699955079146,0.1809133388255654,6.393634269650212,3.9661086899667604,2.226364277703878,9.154317880572247,-6.938647542312164,-1.3071568464513124,7.852875085687958,-1.5101077274426786,-3.012770432864409,5.13591287042127,2.2841936107437553,-0.8416709876431651,0.9731935357560827,3.4823948906448305
prompton,11.81968124098075,44.480593249151,170.2940072533504,41.84,560.33,122.54,-33.51,3.33,261.51,2.92,11.37,593.65,1.23,0.11,269.19,137.13,113.5,12.26,9.88,2.2,0.47,1330.47,0.01,280.8,29.74,1.85,526.0,66.81,10.33,12.45,6.85,0.77,48.36,0.48,0.29,0.48,0.0,1.2497,2.73,0.0,0.0,4.23,0.0,1.36,85.89,11.29,1.74,4.04,0.0,53.15,17.88,28.98,11.59,0.2,0.2,29.73,66.75,71.54,131.89,0.0,1186.5,0.0,0.08,0.0,3.04,0.0,4.03,0.28,0.04,0.0,0.02,46.85,4.44,4.86,0.32,1.36,27.37,1.0,5.6,0.78,0.0,97.45,0.0,0.0,0.0,2.55,0.0,604.19,150.84,10.08,501.36,328.85,806.42,0.008407,103.48,0.69,1.04,109.0,85.66,14.34,0.0,0.0,0.0,1.46,0.0,0.0,3.09,0.05,1.55,0.0,5.94,0.0,0.0,1.02,0.0,0.0,0.0,0.0,0.0,1.12,0.0,98.89,0.7,1.64,0.04,9.0,85923.0,8708.0,1.0,7.9,0.0,58.0,-23.2,0.12,0.0,582.0,265.75,3.0,11.47,525.0,272.97,135.03,111.03,11.0,8.0,28.0,1.85,13.49,1.33,40.27,7.26,1.85,0.1,928.9,0.0,196.12,66.0,7.5,7.26,0.3108,50.57,16.13,4.49,0.0,0.0,13.15,0.0,18.71,0.0,6.57,0.0,33.48,0.0,0.0,34.79,41.49,34.01,79.28,68.03,114.0,0.0,0.0,0.0,0.0,3.49,7.88,0.0,0.9,0.0,0.34,0.0,6.31,3.04,0.68,0.0,3.27,68.36,1.35,100.0,0.0,0.0,0.0,0.0,0.0,0.0,0.0,0.0,439.73,3.0,0.0,0.01,0.982,1.23,97.18,0.0,0.34,6.0,0.0,0.0,0.0,0.0,0.0,1.78,0.0,0.0,0.0,0.0,0.84,0.0,0.37,0.86,0.02,3500.0,57.08,4.39,99.16,2.82,0.8,12.71,42.95,0.0,574.0,379.52,328.85,0.0,1.02,0.3,1.0,0.0,1.0,72800.0,0.15,34.99,1107.92,605.0,2739772.0,-75.32768,41.589961,-82.17902420983395,-68.61820631490603,-63.2598393208602,3.802708678844587,1.076762147113613,0.05400597027788274,0.38431411880838473,0.28315662283148546,5.137526255827876,2.4697653037013967,0.17823367667855614,8.321783673320839,-5.4666944425095805,-7.759703355095174,23.20774503026434,-6.841973772816531,-9.632795397364044,-0.6631086053619694,-8.003166202153338,2.1924856047607686,10.774318081472774,-4.566329443292584
shoholaMarsh,5.895282748233791,57.489983986315536,188.86374396839452,42.67,576.4,211.69,-23.04,3.1,266.56,2.6,11.96,571.62,0.19,0.15,273.65,135.94,109.12,11.03,8.28,0.43,0.07,26.62,0.0,4.82,28.62,1.82,555.0,66.24,11.78,13.23,7.47,1.75,62.86,0.54,0.71,0.54,0.0,0.2921,6.8,0.0,0.0,8.92,0.0,3.01,76.53,24.94,0.0,4.74,0.0,49.77,15.27,34.95,34.71,0.0,0.0,1.07,1.83,71.26,119.29,0.0,1174.02,0.0,0.0,0.0,4.0,0.0,6.66,0.96,0.11,0.03,0.02,63.42,4.01,8.27,0.19,0.55,0.1,0.18,10.55,0.94,0.0,100.0,0.0,0.0,0.0,0.0,0.0,635.96,140.47,6.8,430.33,304.57,611.35,0.011051,92.3,0.66,1.04,53.0,84.58,15.42,0.0,0.0,0.0,2.0,0.0,0.0,3.76,0.0,6.52,0.0,0.05,0.0,0.0,1.02,0.0,0.0,0.0,0.0,0.0,0.0,0.0,100.0,0.04,0.09,0.0,10.0,29801.5,14891.7,1.0,35.66,0.0,29.0,-26.23,0.0,0.0,591.36,263.93,2.0,10.8,556.0,275.89,133.11,109.0,11.0,8.0,28.0,1.82,13.88,2.23,75.98,1.78,0.98,0.0,0.0,0.0,0.0,66.89,7.88,1.78,0.2921,50.04,15.12,0.0,0.0,0.0,0.0,0.0,0.0,0.0,0.0,0.0,34.83,0.0,0.0,0.09,4.22,0.0,0.0,70.0,119.0,0.0,0.0,0.0,0.0,0.0,0.0,0.0,1.34,0.0,0.0,0.0,7.61,2.24,0.0,0.0,0.0,75.39,4.92,100.0,0.0,0.0,0.0,0.0,0.0,0.0,0.0,0.0,390.95,2.0,0.0,0.04,0.85,2.13,100.0,0.0,0.0,0.02,0.0,0.0,0.0,0.0,0.67,2.44,0.0,0.0,0.0,0.0,0.0,0.0,0.0,0.0,0.0,0.0,100.0,8.5,100.0,0.0,0.4,14.22,43.0,0.0,595.0,348.75,304.57,0.0,1.02,0.0,0.0,0.0,0.0,0.0,0.15,4.22,1149.26,637.0,4150530.0,-74.96866,41.392015,-90.76357970033524,-68.75689934269997,-54.78743183461721,3.7605593291201127,1.3379631407259618,-0.6827955372550393,-0.11409407823773154,0.35578833456112907,5.241025810913724,1.7741524410164542,-0.3052616519720377,7.215827703396799,-6.1734889826934145,1.4442007024730412,0.9467031084975088,-1.2297253207991432,-0.5942521050688327,3.866721692097291,2.326321212754982,-1.5051635526874243,1.4140224577716256,1.8600180565885642
mongaupeCombined,13.412045020383536,53.004059955251925,174.0926574543645,46.8,588.15,263.28,-23.37,3.48,304.96,2.22,11.86,557.63,0.41,0.16,274.16,132.82,115.9,11.63,8.88,1.3,0.23,398.11,0.1,88.61,26.69,1.79,558.0,67.29,34.87,13.32,0.0,1.71,51.46,0.82,1.05,0.84,0.0007,3.4663,4.86,0.0,0.41,2.55,0.0,0.1,88.1,36.65,1.92,2.07,0.0,49.87,16.53,33.6,37.91,1.51,1.52,9.25,12.35,75.52,121.81,0.0,1215.96,0.0,0.0,0.0,4.24,0.0,4.92,1.34,0.41,0.14,0.23,45.56,11.26,22.22,0.49,0.33,4.92,0.91,2.81,0.23,0.0,100.0,0.0,0.0,0.0,0.0,0.0,635.71,503.54,7.84,416.41,201.65,679.48,0.009269,311.79,0.62,1.04,249.0,73.13,26.84,0.0,0.02,0.0,2.07,0.0,0.0,5.53,0.01,0.0,0.0,5.36,0.2,1.0,20.64,0.0,0.0,0.0,0.0,0.0,0.0,0.0,100.0,0.11,0.26,0.01,32.0,92518.6,87634.0,4.0,25.02,0.0,105.17,-46.44,0.0,3.0,623.1,288.3,2.0,8.33,524.05,280.0,130.0,115.59,11.0,8.0,25.0,1.79,14.42,2.99,71.83,0.0,0.0,0.0,11.82,0.0,2.67,67.8,8.4,0.0,0.0488,56.92,15.79,0.0,2.82,0.0,0.0,0.0,0.0,0.0,0.0,0.0,27.29,0.0,0.0,3.66,6.12,0.0,0.0,73.59,112.0,0.0,0.0,0.0,0.0,0.0,0.0,0.0,0.0,0.0,0.0,0.0,0.0,0.0,0.0,0.0,0.0,67.1,7.51,100.0,0.0,0.0,0.0,0.0,0.0,0.0,0.0,0.0,423.07,0.0,0.0,0.01,1.713,0.98,100.0,0.0,0.16,0.65,0.0,0.0,0.0,0.0,0.0,1.1,0.0,0.0,0.0,0.0,0.0,0.0,0.0,0.0,0.0,0.0,97.18,25.39,100.0,0.0,1.74,16.07,43.54,0.0,600.0,308.97,201.65,0.0,87.35,0.0,0.0,0.0,0.0,0.0,0.18,6.34,1208.83,637.0,4150118.0,-74.75425,41.47745,-95.28479177309379,-92.25856676910605,-88.7152143392911,3.9262261011199353,1.00825867295447,-0.13607867425735332,0.1621949532233664,0.25680097044509725,5.159587670633442,2.596153181965267,0.4785846409840775,8.004052841154536,-6.170435978773582,1.0237332096822784,4.220943906704518,-3.280867165155663,-1.1318899695004734,5.091502705706806,2.5055477801369372,0.6529951309822228,1.7154423299360384,1.7662320057896879
beltzvilleCombined,3.0287379404864225,18.682048401962817,93.99816530364508,56.91,640.1,47.89,-16.52,1.52,402.88,3.05,11.63,573.34,6.38,0.14,276.87,129.26,117.89,11.21,8.88,10.73,1.86,580.96,0.06,143.32,22.51,1.8,576.0,66.25,46.06,14.53,9.12,2.68,57.3,1.14,1.55,1.15,0.0,0.0044,9.47,0.0,0.0,34.09,0.0,9.75,44.97,77.69,0.0,1.71,0.0,50.31,18.73,30.95,100.07,1.45,1.45,1.63,3.09,76.26,120.68,0.0,1306.05,0.05,0.0,0.05,3.49,0.0,13.02,1.82,0.29,0.06,0.07,56.32,6.4,3.58,0.0,0.0,11.12,3.46,0.36,0.0,0.39,46.49,0.0,0.0,0.0,53.11,0.0,730.66,248.96,9.15,332.86,149.81,628.48,0.018391,152.25,0.61,1.03,187.0,79.94,20.06,0.0,0.0,0.0,3.18,0.0,0.0,3.18,0.0,0.06,0.0,17.58,0.0,0.0,8.07,0.0,0.0,0.0,0.0,0.0,33.9,0.0,66.1,1.3,2.63,0.16,7.0,148631.0,73980.0,3.0,50.1,0.0,50.71,-15.76,3.52,2.0,675.92,395.04,3.0,14.41,539.11,279.04,125.9,115.46,11.0,8.0,20.98,1.8,15.41,2.69,0.0,0.0,0.17,1.23,704.5,0.04,179.76,66.0,9.95,0.0,0.0044,52.74,19.5,3.93,0.0,0.0,0.0,0.0,13.51,0.0,30.48,0.0,27.76,0.0,0.0,21.97,34.05,0.0,0.5,72.87,112.1,0.0,0.0,0.0,0.0,0.0,10.76,3.51,0.0,0.0,37.24,0.0,2.84,0.21,0.0,0.0,1.29,34.47,4.6,0.0,0.0,0.0,0.0,100.0,0.0,0.0,0.0,0.0,314.24,0.0,0.0,0.02,1.805,0.46,0.97,0.0,35.76,17.46,0.0,0.0,0.0,0.0,0.0,1.39,0.0,0.0,0.0,0.0,49.73,0.0,0.92,1.73,0.1,41220.0,52.08,5.08,50.27,99.03,3.9,11.96,55.94,0.0,552.0,213.08,149.81,0.0,13.62,8.48,1.0,0.0,1.0,103625.0,0.06,24.58,1264.66,731.0,4188143.0,-75.638495,40.851266,-94.18792872274598,-92.99811221174276,-87.72148489855185,2.879864220666682,1.3104393478664946,0.154725898125361,-0.4405990506604436,0.4550351153580189,4.543275181880036,1.1081460100391012,0.01721833737805302,7.552303269592211,0.07519188613058087,-15.286946023075314,49.28911585438829,-20.694160735254343,-11.196863415018113,-4.927598857994332,-10.545443325973629,4.238141011904169,28.661640005782797,-15.813814997845567
fewalter,75.42711909817567,191.80226205584185,645.9241868018021,53.25,558.24,301.26,-17.65,6.86,351.61,3.36,11.94,681.72,0.6,0.18,268.34,139.27,120.03,12.27,9.25,0.98,0.17,120.33,0.0,23.78,28.77,1.83,527.0,67.48,20.41,12.64,6.92,1.32,64.04,0.51,1.05,0.51,0.0,0.1422,3.89,0.0,0.0,7.63,0.0,1.35,77.8,31.84,0.81,8.53,0.0,51.45,17.37,31.19,42.32,1.54,1.54,7.52,29.71,76.64,128.53,0.0,1310.66,0.0,0.0,0.0,2.87,0.0,8.35,1.05,0.34,0.12,0.39,62.54,6.84,1.21,0.59,0.31,0.35,0.29,14.31,0.43,0.0,86.61,0.0,0.0,0.0,13.39,0.0,728.29,747.0,4.99,555.97,374.01,689.12,0.010256,582.12,0.78,1.06,369.0,85.97,14.01,0.0,0.01,0.0,2.11,0.0,0.0,2.4,0.0,7.08,0.0,4.52,0.0,0.0,8.74,0.0,0.0,0.0,0.0,0.0,8.77,0.0,91.23,0.06,0.12,0.01,32.0,192354.0,21485.0,2.0,33.9,0.0,182.0,-36.78,0.27,9.0,567.45,334.92,3.0,8.99,657.0,266.91,142.87,114.78,13.0,9.0,28.0,1.83,13.6,1.35,37.76,0.68,0.52,0.09,304.89,0.0,73.24,67.0,7.09,0.68,0.0044,51.04,15.35,0.0,3.2,0.0,0.0,0.0,0.64,0.0,0.0,0.0,33.72,0.0,0.0,1.43,1.06,3.89,8.18,66.99,127.0,0.0,0.0,0.0,0.0,0.0,2.15,0.0,0.0,0.0,4.14,0.0,3.48,0.33,0.5,0.0,14.4,55.96,10.43,0.0,0.0,0.0,0.0,100.0,0.0,0.0,0.0,0.0,506.84,2.0,0.0,0.06,0.65,1.2,99.52,0.0,0.0,28.4,0.0,0.0,0.0,0.0,2.15,5.53,0.0,0.0,0.0,0.0,12.45,0.0,0.11,0.2,0.01,0.0,96.16,8.61,87.55,0.48,0.54,18.5,52.0,0.0,548.0,443.56,374.01,0.0,14.22,0.64,0.0,0.0,0.0,0.0,0.29,0.91,1198.02,731.0,4185705.0,-75.724918,41.109236,-76.7323723586806,-75.56189443605122,-72.92435145960016,5.346475378162643,0.8616294284476598,0.6587818132723529,0.7599234261502388,0.1611584020319131,6.4706821387771,4.323166857138517,2.978033205774578,9.45567831398199,-8.018396820099758,-0.7749097714844501,5.2136910929026925,-3.028769743536988,2.585377615026574,3.203108319792796,1.9437705311848557,-0.18463694347750628,-1.4942875921063148,2.0182487115551075
merrillCreek,1.2463251945268228,26.357513270594485,139.77950383795536,53.32,674.14,70.88,-28.99,2.72,282.18,3.0,9.78,544.68,3.63,0.09,281.62,125.88,116.87,11.0,8.0,18.14,1.55,1674.06,0.35,360.06,20.98,1.78,599.0,65.93,27.64,15.92,10.03,4.41,47.06,1.1,0.41,1.1,0.0,0.0577,0.18,0.0,0.63,55.67,0.0,0.0,27.28,25.69,0.27,15.97,0.0,48.0,17.29,34.72,23.52,2.76,2.76,2.76,2.76,75.69,112.65,0.0,1281.36,1.2,0.0,0.0,24.82,0.0,3.57,0.31,0.17,0.06,0.99,40.2,0.09,5.15,0.73,0.0,11.7,7.97,3.89,0.34,0.0,86.15,0.0,0.0,0.0,0.0,13.85,614.0,10.3,11.32,276.03,120.92,377.99,0.007117,8.43,0.82,1.11,5.0,95.35,4.65,0.0,0.0,0.0,1.12,0.0,0.0,0.1,25.9,0.0,0.0,43.1,0.0,0.0,9.14,0.0,0.0,0.0,0.0,4.2,0.0,95.8,0.0,1.8,4.92,0.12,3.0,138000.0,138000.0,3.0,25.47,0.0,87.68,-34.88,4.92,1.0,680.47,285.84,3.0,10.12,526.13,282.33,124.83,114.99,11.0,8.0,20.91,1.78,16.21,4.42,59.69,2.49,1.14,1.86,1247.59,0.47,268.18,65.67,10.19,2.49,0.0577,47.16,15.92,10.28,1.29,0.0,0.86,3.01,67.09,0.0,0.0,0.0,36.87,1.78,1.78,92.27,77.49,1.78,1.78,75.16,111.99,0.0,0.0,0.0,0.54,0.0,0.17,4.34,2.42,0.0,4.72,0.0,7.44,1.09,0.54,0.13,1.75,74.1,0.08,51.63,0.0,0.0,0.0,0.0,0.0,48.37,0.0,0.0,306.56,2.0,0.0,0.03,3.26,1.52,99.55,0.0,0.08,45.95,0.0,0.0,0.0,4.68,0.0,1.95,0.0,0.0,0.0,14.92,0.0,85.08,1.2,3.26,0.08,46000.0,17.46,2.67,0.0,0.45,2.15,18.68,54.0,0.0,608.0,213.03,120.92,0.0,9.14,24.45,1.0,0.0,1.0,46000.0,0.08,74.5,1255.86,614.0,2588031.0,-75.10281,40.727174,-70.10682202048918,120.57379050609316,372.7390207282703,2.9368520396095623,1.825716179872663,-0.6786032901894026,0.010894289847915406,0.6216575282816704,4.940066166089034,0.22019937676881635,-3.35338645895654,7.568035237411174,46.29248096848973,-119.58535801836574,-21.41311675202838,-66.87914083991988,-54.449926361063234,4.971807426376869,-25.73942117808608,27.16171527072882,106.67795889949588,29.120348549985668
hopatcong,7.592510853734706,18.988111663500305,43.81479148709607,55.07,618.61,122.45,-28.68,1.2,327.71,3.23,11.94,686.69,0.11,0.01,277.15,129.87,123.1,11.0,8.0,0.07,0.03,369.66,0.01,77.24,23.23,1.77,558.0,66.36,377.9,14.73,8.64,3.27,40.17,1.72,4.21,1.76,0.0,0.1769,0.77,0.0,2.13,1.45,0.0,0.23,73.88,393.96,0.06,21.48,0.0,37.86,7.47,54.67,409.54,12.13,12.13,18.02,46.3,81.92,112.74,0.0,1325.7,0.0,0.0,0.0,15.14,0.0,18.93,5.75,1.24,0.2,1.29,45.24,0.0,0.61,0.72,0.11,0.32,0.13,10.2,0.12,0.0,100.0,0.0,0.0,0.0,0.0,0.0,606.56,70.35,8.41,317.18,261.36,423.86,0.009076,30.85,0.44,1.12,21.0,49.85,50.01,0.0,0.13,0.0,4.47,0.0,0.0,16.16,0.0,0.0,0.0,4.1,0.0,0.0,25.82,0.0,0.0,0.0,0.0,0.0,0.0,100.0,0.0,0.03,0.07,0.0,4.0,48758.0,48514.0,1.0,169.79,0.0,116.91,-37.98,1.07,2.0,626.04,345.92,4.0,11.12,671.39,277.0,130.0,122.7,11.0,8.0,23.0,1.77,14.92,3.01,63.19,5.58,11.09,0.31,857.2,0.11,181.37,66.0,8.87,5.93,0.1769,37.86,7.42,22.0,0.0,0.0,0.0,2.0,0.0,0.0,0.0,0.0,54.72,35.44,35.44,693.59,774.91,45.59,80.1,80.7,110.52,0.0,0.0,0.0,0.26,0.06,2.12,1.51,9.46,0.52,0.57,0.0,30.07,13.35,5.34,0.79,0.17,35.32,0.0,100.0,0.0,0.0,0.0,0.0,0.0,0.0,0.0,0.0,351.22,1.0,0.0,0.01,2.089,0.43,99.79,0.0,1.02,21.87,0.0,0.0,0.0,0.0,0.0,7.04,0.0,0.0,0.0,0.0,0.0,100.0,0.26,0.5,0.03,48209.0,76.0,0.46,0.0,0.21,4.87,7.88,57.62,0.0,546.0,292.76,261.36,0.0,19.3,0.77,1.0,0.0,1.0,48209.0,0.0,802.34,1320.83,614.0,2586785.0,-74.664516,40.917661,-82.06253320008793,-80.89490715511998,-77.96707304483115,2.9422085433888814,0.7271978698437841,0.23758451874708494,1.0371516901040332,0.24716054593675618,3.779971457320279,2.0271623322451777,0.476299156005405,7.2992691806944,0.12388663138193197,-9.725227496300983,30.901430276528302,-16.2860417592632,-9.650751708905766,9.127227770136054,-5.79144342272267,7.768163380544103,17.45279254716143,-2.6271745566960525
nockamixon,7.592510853734706,18.988111663500305,43.81479148709607,49.64,691.22,622.21,-7.77,6.53,262.63,3.23,11.97,526.95,5.18,0.23,287.1,120.44,113.12,10.81,7.0,18.74,1.94,1145.87,0.13,282.51,19.83,1.78,640.0,67.0,40.32,16.58,10.47,4.74,52.54,0.52,1.04,0.52,0.0,0.0314,0.0,0.0,0.0,33.55,0.0,5.7,42.15,39.45,0.0,18.6,0.0,55.41,23.37,21.25,40.96,19.02,19.02,19.02,65.76,73.12,106.54,0.0,1261.45,0.48,0.0,0.0,2.83,0.0,6.62,1.44,0.26,0.04,0.03,58.23,1.08,5.1,4.47,0.33,8.83,9.53,1.22,0.0,0.0,0.0,100.0,0.0,0.0,0.0,0.0,614.0,25.66,4.26,163.0,116.24,294.76,0.004988,12.03,0.47,1.19,11.0,99.62,0.0,0.0,0.38,0.0,2.23,0.0,0.0,3.05,0.0,0.0,0.0,12.01,0.0,0.0,21.49,0.0,0.0,0.0,100.0,0.0,0.0,0.0,0.0,1.03,2.5,0.15,0.0,0.0,0.0,0.0,20.43,0.0,686.03,-8.36,4.36,7.0,694.64,252.38,3.0,12.79,511.36,287.63,120.18,114.64,10.38,7.0,19.45,1.78,16.64,4.78,12.85,1.25,1.49,1.65,1290.21,0.11,319.72,67.0,10.56,1.25,0.0307,57.77,22.96,19.49,0.0,0.0,0.0,0.0,15.44,0.0,10.45,0.0,19.27,12.16,12.16,28.79,34.21,12.16,67.31,73.2,105.85,0.0,0.0,1.57,2.51,0.54,11.49,7.48,0.67,0.0,9.29,0.0,6.34,2.39,0.24,0.05,0.0,44.85,0.27,0.0,100.0,0.0,0.0,0.0,0.0,0.0,0.0,0.0,294.76,2.0,0.0,0.0,4.016,0.51,100.0,0.0,9.78,13.34,0.0,0.0,0.0,0.0,0.0,2.2,0.0,0.0,100.0,0.0,0.0,0.0,1.05,2.55,0.15,0.0,54.61,13.89,0.0,0.0,7.81,4.6,47.54,0.0,649.0,144.02,116.24,0.0,21.49,15.82,0.0,0.0,0.0,0.0,0.06,29.47,1257.33,614.0,2591099.0,-75.184604,40.471662,-46.43750277292336,-46.872109721251995,-39.29920690473694,2.9422085433888814,0.7271978698437841,0.23758451874708494,1.0371516901040332,0.24716054593675618,3.779971457320279,2.0271623322451777,0.476299156005405,7.2992691806944,-0.13447889822636314,-1.4416026447611834,2.41439427933461,4.944415806116995,0.5428761246067931,4.87192159429538,-4.64079714535081,2.7407222262514574,-3.0814995854249294,-1.5359498816393864
assunpink,9.540574639295624,26.413096809106847,63.10166420781845,48.47,715.22,178.91,-10.68,0.95,254.71,3.38,12.75,484.2,17.21,15.16,289.0,114.3,128.46,10.75,7.56,19.48,3.44,2980.34,0.36,647.87,15.98,1.75,645.0,69.0,61.05,17.32,11.19,5.56,53.64,0.12,1.04,0.12,0.0,1.8211,6.51,0.0,0.0,56.84,9.36,0.45,21.78,85.3,4.94,0.13,0.0,28.45,16.42,55.11,91.28,3.7,3.71,3.71,4.07,75.45,108.8,0.0,1214.69,9.55,7.82,0.2,4.99,0.0,10.82,1.28,0.09,0.01,0.07,33.49,0.0,0.24,3.73,0.18,7.48,21.18,16.11,0.34,0.0,0.0,0.0,100.0,0.0,0.0,0.0,603.88,23.39,3.91,51.79,27.97,100.73,0.004267,14.06,0.6,1.04,9.0,63.6,36.4,0.0,0.0,0.0,2.12,0.0,0.0,6.49,0.0,0.0,0.0,64.88,0.0,0.0,34.52,0.0,0.0,100.0,0.0,0.0,0.0,0.0,0.0,2.03,3.32,0.38,4.0,5580.0,2054.0,0.0,34.69,0.0,305.0,-3.5,24.7,0.94,717.7,242.61,3.94,12.23,483.0,289.0,113.75,129.0,11.0,8.0,16.0,1.75,17.39,5.68,7.38,0.0,1.01,5.33,4027.88,0.58,878.05,69.0,11.23,0.0,1.773,26.91,15.25,0.54,4.73,0.0,8.15,0.0,59.49,0.0,1.88,7.32,57.79,8.45,8.45,25.68,50.56,8.45,8.45,75.0,110.43,0.0,0.0,3.07,2.79,0.0,11.5,35.0,15.72,0.82,15.32,0.0,6.87,0.98,0.13,0.02,0.0,10.68,0.0,0.0,0.0,100.0,0.0,0.0,0.0,0.0,0.0,0.0,51.61,0.0,0.0,0.0,2.484,0.44,0.66,0.0,18.42,104.91,0.0,0.0,0.0,0.0,0.0,1.49,0.0,100.0,0.0,0.0,0.0,0.0,3.21,5.49,0.57,1158.0,17.9,0.18,0.0,99.34,5.61,1.13,46.05,0.0,645.0,36.52,27.97,0.0,100.5,35.44,0.0,2.5,1.0,4300.0,31.49,49.91,1214.3,613.05,2590255.0,-74.524199,40.219222,-11.57736431896255,-12.51994470076523,-0.5420457978962808,3.2405294028976086,0.7767472354766854,-0.11138782533500585,0.8006307378927939,0.2396976354487435,4.144747132153443,2.2555537170822113,-0.007348827819983465,6.996706217043637,4.902917354667682,5.694499670580538,6.942963094170196,-5.837721777208368,-3.202619703571402,5.741621311596488,2.517088758397825,1.1687879447323486,0.023406270656430243,2.115564581150333
ontelaunee,71.37429307654402,149.29551312721395,318.95884464362354,50.65,669.72,175.76,-10.88,2.06,308.47,3.18,12.23,503.89,4.61,0.03,283.13,124.82,118.57,11.35,8.0,62.0,3.94,4992.81,0.07,1310.24,20.64,1.81,633.0,65.74,47.43,16.21,9.89,4.07,38.75,2.34,1.96,2.36,0.0,0.2366,3.14,0.0,0.0,31.37,0.0,19.45,42.53,52.51,0.0,3.51,0.0,52.57,22.08,25.34,59.75,0.0,0.0,1.68,2.59,75.06,110.93,0.0,1216.8,0.28,0.02,0.26,1.44,0.0,7.07,2.61,0.63,0.2,0.05,34.33,0.87,0.55,0.32,0.06,28.31,23.1,0.39,0.08,0.0,6.41,0.0,0.0,0.0,93.59,0.0,553.93,498.14,10.73,186.26,24.44,503.55,0.005198,252.03,0.51,1.41,322.0,93.79,6.06,0.0,0.15,0.0,2.44,0.0,0.0,1.13,0.0,0.01,0.0,89.93,0.2,1.0,15.23,0.0,0.0,0.0,0.0,0.0,89.98,10.02,0.0,4.14,9.84,0.31,4.0,25940.0,13883.0,3.0,22.03,0.0,595.66,-2.29,1.43,4.01,689.46,303.07,3.22,13.27,447.0,288.21,122.27,115.07,12.0,8.0,20.0,1.81,16.7,5.05,0.55,1.45,2.77,2.94,4746.71,0.05,1241.72,65.0,10.3,1.45,0.1274,54.57,35.65,2.07,0.0,0.0,0.0,0.0,79.54,0.0,2.33,0.0,9.8,0.0,0.0,35.62,68.45,0.38,0.38,74.0,116.79,0.0,1.62,1.88,0.0,0.0,24.45,19.59,0.26,0.02,17.23,0.0,12.19,3.47,0.94,0.16,0.48,16.06,3.94,0.0,0.0,0.0,0.0,100.0,0.0,0.0,0.0,0.0,160.87,3.0,0.0,0.0,4.071,0.21,0.46,0.0,14.5,91.69,0.0,0.0,0.0,0.0,0.0,1.86,0.0,0.0,0.0,0.0,94.32,5.68,3.12,7.43,0.22,11900.0,16.06,1.23,0.0,99.54,19.76,4.49,51.98,0.0,602.0,108.74,24.44,0.0,13.86,53.94,1.0,0.0,1.0,22788.0,0.04,48.66,1155.17,552.0,4782243.0,-75.931257,40.446426,-77.44754060422598,-78.6246679100858,-77.50671894687997,5.017711417993886,0.5952931859335414,0.2551353646063957,0.19269914573378788,0.11863838637646155,5.765062075135839,4.267937675872528,3.140356228536622,7.788215890562489,2.956038918161439,-4.550560048000926,18.18518938884304,-1.9941083295104143,-0.008005001794217804,-4.77885922548046,0.2260100879101954,1.6749368548049095,6.232001689969628,-6.074252382292141
stillCreek,29.236888249180684,55.02842058868788,91.35430259409638,53.71,609.13,26.29,-46.0,2.51,356.4,3.0,10.83,673.12,1.63,0.18,280.0,128.63,125.37,11.0,8.0,4.08,0.53,481.09,0.01,138.29,24.0,1.85,557.0,67.82,18.39,13.89,8.31,2.68,39.01,0.11,0.22,0.11,0.0,0.0114,12.68,0.0,0.0,44.15,0.0,0.0,43.17,17.04,0.0,0.0,0.0,49.36,18.78,31.84,16.14,0.0,0.0,0.0,17.4,83.0,113.16,0.0,1350.44,0.0,0.0,0.0,8.36,0.0,1.71,0.23,0.1,0.0,0.07,75.02,4.39,3.7,0.0,0.0,4.14,2.28,0.0,0.0,0.0,0.0,0.0,0.0,0.0,100.0,0.0,561.6,18.98,10.51,436.6,338.27,538.66,0.006812,7.34,0.39,1.13,0.0,39.83,60.17,0.0,0.0,0.0,0.91,0.0,0.0,7.24,0.0,0.0,0.0,8.51,0.0,0.0,11.45,0.0,0.0,0.0,0.0,0.0,100.0,0.0,0.0,0.47,0.99,0.05,1.0,12160.0,8287.0,1.0,11.33,0.0,27.51,-47.27,0.87,1.39,609.82,349.2,3.0,10.86,677.23,280.0,128.8,125.6,11.0,8.0,24.0,1.85,13.87,2.68,5.27,0.18,0.29,0.27,564.24,0.0,169.31,67.77,8.25,0.18,0.0114,49.17,18.63,0.0,0.0,0.0,13.32,0.0,44.21,0.0,0.0,0.0,32.19,0.0,0.0,24.13,20.61,0.0,28.69,83.0,113.0,0.0,0.0,0.0,0.0,0.0,4.41,0.92,0.0,0.0,13.7,0.0,1.61,0.29,0.16,0.0,0.12,72.96,3.4,0.0,0.0,0.0,0.0,100.0,0.0,0.0,0.0,0.0,538.66,0.0,0.0,0.01,4.421,0.38,0.0,0.0,11.86,5.82,0.0,0.0,0.0,0.0,0.0,0.65,0.0,0.0,0.0,0.0,100.0,0.0,0.47,1.08,0.05,8287.0,42.47,2.44,0.0,100.0,11.58,11.71,53.34,0.0,554.0,434.58,338.27,0.0,10.17,2.36,1.0,0.0,1.0,12160.0,0.18,22.24,1351.29,564.32,4779123.0,-75.990719,40.85809,99.62534989803369,78.88239194917011,60.057989599580274,3.9771197808286196,0.44569903353134804,-0.18049586370767082,0.3486615126084751,0.11206578078935509,4.514745378675101,3.3754312081765514,2.4633340348509725,6.553312979519893,-5.988731470526234,-2.5231292875372886,14.420618512152668,-7.45591572021104,3.9965851083579995,3.7871923655896027,3.622779441072049,-0.447393249281125,-0.22045615920758832,2.9098620663687655
blueMarsh,63.69194513915315,139.39084190217994,355.9491255397253,55.66,682.42,555.95,-6.38,2.26,306.99,2.94,12.62,460.61,5.62,0.04,285.49,123.78,113.4,10.81,6.59,91.57,5.51,7664.49,0.11,2100.44,19.16,1.81,632.0,65.4,71.29,16.25,10.2,4.91,35.63,2.5,3.17,2.56,0.0,0.1761,1.32,0.0,0.0,41.53,0.0,16.26,36.73,75.99,0.0,4.16,0.0,53.41,24.79,21.8,87.86,0.01,0.01,3.22,4.79,71.71,102.0,0.0,1178.78,0.27,0.28,0.98,1.55,0.0,8.19,4.04,1.23,0.42,0.02,23.92,0.38,0.3,0.19,0.0,31.78,27.43,0.3,0.25,0.0,0.0,10.08,0.0,0.0,89.92,0.0,551.42,465.4,7.9,166.06,68.67,500.59,0.009566,287.49,0.62,1.55,366.0,84.9,8.28,6.81,0.01,0.0,2.79,0.0,0.0,1.33,0.0,0.0,0.0,113.41,0.43,2.0,12.5,0.0,0.0,0.0,12.04,0.0,87.96,0.0,0.0,4.63,11.53,0.37,8.0,237312.0,45973.6,3.0,36.3,0.0,161.7,-10.45,0.88,2.58,698.75,305.3,2.71,15.51,420.44,288.91,120.38,112.0,11.29,8.0,17.5,1.81,16.48,5.02,38.3,1.34,1.02,1.94,3751.87,0.03,991.23,65.0,10.5,1.34,0.0222,53.78,29.63,2.78,0.0,0.0,0.0,0.0,55.22,0.0,13.25,0.0,16.58,0.0,0.0,12.39,29.46,0.28,0.28,72.38,109.99,0.0,0.0,1.14,0.0,0.0,21.66,7.48,2.65,0.0,9.92,0.0,6.86,1.3,0.36,0.0,0.0,43.48,3.43,0.0,0.0,0.0,0.0,100.0,0.0,0.0,0.0,0.0,149.85,2.0,0.0,0.01,3.229,1.87,100.0,0.0,0.1,40.65,0.0,0.0,0.0,0.0,0.0,4.05,0.0,0.0,8.25,0.0,91.75,0.0,2.41,5.74,0.17,0.0,28.75,2.86,0.0,0.0,1.73,13.6,53.53,0.0,594.0,91.46,68.67,0.0,13.86,33.37,0.0,0.0,0.0,0.0,0.0,23.06,1146.44,552.0,4783213.0,-76.030759,40.377289,-77.54022386285223,-75.41283852593614,-73.34207462320039,4.985674001541965,0.6894652568622704,0.6039119674604007,0.8517883861215307,0.13828927776846886,5.874787813918678,4.154058101270996,3.2591587671591875,8.857288180956601,3.3435231664280702,-0.6739724377451115,8.094747416576453,2.192575339286347,4.787851937449738,-2.4996997087577872,3.2583418680303655,0.6633009382240102,-1.9772505759839059,-1.2031452093599955
greenLane,25.5101592441099,75.75121720795886,179.49700610922724,50.51,686.73,337.89,-20.64,4.52,280.09,3.06,11.96,489.12,13.92,0.26,285.92,120.42,113.71,11.0,7.33,40.13,4.77,2480.05,0.23,636.06,19.53,1.78,632.0,66.49,110.06,16.85,10.36,4.93,42.71,1.7,2.77,1.71,0.0,0.1198,2.13,0.0,0.0,57.69,0.0,1.68,27.82,119.72,0.0,10.68,0.0,51.63,21.01,27.36,132.3,12.99,13.01,13.13,21.54,72.63,107.7,0.0,1204.71,0.0,0.5,0.36,1.27,0.0,11.06,3.06,1.15,0.36,0.1,38.31,1.06,1.13,10.39,1.28,11.88,16.44,2.41,0.08,0.0,34.6,65.4,0.0,0.0,0.0,0.0,554.24,246.33,7.76,170.87,48.67,364.35,0.005963,155.96,0.63,1.26,236.0,91.12,8.66,0.0,0.22,0.0,3.06,0.0,0.0,1.54,0.0,0.0,0.0,54.57,0.41,1.0,27.25,0.0,0.0,0.0,49.53,0.0,0.0,50.47,0.0,2.29,5.34,0.29,4.0,25888.0,13716.0,1.0,49.57,0.0,469.0,-3.5,2.34,7.0,703.0,268.69,3.0,18.06,461.0,288.0,118.0,110.0,11.0,7.0,19.0,1.78,17.64,5.69,50.66,6.42,7.34,0.63,725.55,0.04,164.83,66.0,10.8,6.42,0.0463,52.73,23.94,18.0,0.0,0.0,0.0,0.0,55.0,0.0,0.0,0.0,23.33,49.42,49.42,122.3,111.64,49.42,50.29,72.0,108.0,0.0,0.0,0.0,9.65,3.58,0.29,0.29,4.75,0.0,0.51,0.0,12.79,6.07,3.0,2.85,0.0,55.85,0.0,0.0,100.0,0.0,0.0,0.0,0.0,0.0,0.0,0.0,113.09,1.0,0.0,0.01,1.258,1.02,100.0,0.0,0.15,3.9,0.0,0.0,0.0,0.0,0.0,3.28,0.0,0.0,63.05,0.0,0.0,36.95,0.32,0.71,0.07,0.0,27.0,0.37,0.0,0.0,1.23,8.87,48.28,0.0,674.0,77.6,48.67,0.0,40.94,2.41,0.0,0.0,0.0,0.0,0.51,113.43,1181.05,552.0,4780955.0,-75.481018,40.332875,-73.44890839293143,-76.47826947194737,-76.19592626783394,4.274900780990358,0.7625755290264964,-0.1535319293785134,0.05292127148137249,0.17838438085335678,5.190158468987887,3.2390767743729487,1.8317766864984404,7.431045585286641,2.7028189790557597,-2.100698231477641,2.022071901652377,5.700113842466221,0.30615255754396803,5.724471995260925,-5.685048651452181,1.6026251652013876,-3.4934961522542345,0.11160345146065298
01425000,131.8415695038875,439.3291917295791,1327.5079089707344,41.81,559.95,55.57,-33.47,2.6,251.31,2.13,10.88,550.06,0.58,0.17,261.39,147.08,108.28,13.45,10.14,4.78,0.55,846.24,0.09,170.24,28.69,1.95,536.0,66.46,14.65,12.51,6.79,0.5,44.01,0.92,0.37,0.93,0.1182,1.1536,3.84,0.0,0.14,1.99,0.0,0.0,89.2,14.55,3.47,1.37,0.0,57.76,13.92,28.32,15.11,0.0,5.98,8.86,23.03,62.92,140.52,0.0,1131.6,0.02,0.02,0.02,0.88,0.0,2.99,0.43,0.09,0.04,0.94,61.25,3.03,5.03,0.56,1.01,19.11,3.22,1.08,0.33,0.0,100.0,0.0,0.0,0.0,0.0,0.0,496.76,1187.21,18.13,570.83,301.44,1018.5,0.011063,642.69,0.54,1.12,470.0,91.23,8.22,0.0,0.01,0.54,1.41,0.0,0.0,1.94,0.0,0.06,0.0,7.07,0.17,2.0,43.64,0.0,0.0,0.0,0.0,0.0,0.0,0.0,100.0,0.55,1.3,0.02,23.0,452625.3,302615.8,1.0,7.44,0.0,53.74,-25.34,1.09,3.4,600.03,227.0,2.0,15.02,515.98,274.0,139.0,105.25,14.0,10.0,28.0,1.95,13.61,1.78,19.1,1.36,0.7,0.93,813.86,0.17,163.3,67.0,7.83,1.36,0.0008,52.88,14.67,2.72,3.69,0.0,16.34,0.0,8.47,0.0,0.0,0.0,32.28,0.0,0.0,13.61,9.56,7.7,7.7,70.12,141.0,0.0,0.0,0.0,1.08,6.97,12.86,5.33,1.28,0.56,3.68,0.0,3.36,1.37,0.12,0.01,0.0,38.77,3.87,100.0,0.0,0.0,0.0,0.0,0.0,0.0,0.0,0.0,579.78,1.0,0.0,0.01,2.478,0.37,0.0,0.0,0.13,9.99,0.0,0.0,0.0,0.0,0.0,1.75,0.0,0.0,0.0,0.0,0.0,0.0,0.44,1.04,0.02,0.0,68.78,20.76,100.0,100.0,6.78,17.61,41.0,0.1113,566.0,386.98,301.44,0.0,43.8,8.93,0.0,0.0,0.0,0.0,0.16,12.45,1110.69,496.0,2614238.0,-75.3958056,42.07491667,-82.32039443146255,-70.88783964429861,-62.25390182386956,6.061688732212501,0.9138271761050457,0.01908965172455713,0.1900680731647908,0.15075455314108502,7.191058589578999,4.881600963923207,3.0940249047160244,9.69451860601219,-8.341811066555513,-3.216488899949305,12.823840733426195,-1.4703610543464447,-6.205497449043747,0.6042696492066566,-1.3997323612772286,-1.3016597162242352,0.6875263715002001,0.7901777110471153
01417000,146.19342184157114,377.9454384260212,1077.6326237967278,43.7,541.15,46.62,-36.34,3.29,324.73,2.28,10.7,574.1,0.43,0.16,263.14,144.46,108.71,12.14,9.1,1.49,0.22,380.87,0.03,77.63,30.05,1.95,523.0,67.05,6.57,11.91,6.26,0.13,43.75,0.87,0.17,0.87,0.0488,0.0743,0.82,0.0,0.23,0.38,0.0,0.0,87.28,7.47,8.46,2.83,0.0,59.48,14.46,26.06,7.3,0.2,5.04,9.38,26.27,61.49,127.35,0.0,1139.39,0.12,0.01,0.13,2.03,0.0,2.4,0.2,0.03,0.0,0.39,73.3,5.44,5.75,0.16,0.67,7.59,0.99,0.88,0.16,0.0,100.0,0.0,0.0,0.0,0.0,0.0,495.61,967.12,21.9,631.7,329.6,1179.95,0.003597,305.78,0.32,1.07,234.0,84.95,13.16,0.0,0.0,1.88,1.39,0.0,0.0,2.64,0.0,0.05,0.0,5.55,0.0,0.0,42.29,0.0,0.0,0.0,0.0,0.0,0.0,0.0,100.0,0.3,0.68,0.02,12.0,611125.0,421103.0,1.0,6.57,0.0,16.47,-69.33,0.46,0.17,565.32,265.86,2.0,14.01,590.99,264.64,142.36,110.06,13.0,10.0,28.78,1.95,12.97,1.05,18.49,0.45,0.54,0.41,556.62,0.07,111.61,67.0,6.97,0.45,0.0122,56.36,14.94,1.41,3.84,0.0,8.47,0.0,4.39,0.0,0.0,0.0,28.89,0.0,0.12,9.4,12.65,0.43,0.43,62.84,135.01,0.0,0.0,0.0,0.0,0.86,9.4,1.76,4.94,0.13,2.06,0.0,4.2,0.68,0.28,0.0,0.0,61.89,9.5,100.0,0.0,0.0,0.0,0.0,0.0,0.0,0.0,0.0,714.7,3.0,0.0,0.01,2.085,0.38,100.0,0.0,0.0,5.25,0.0,0.0,0.0,0.0,0.0,1.62,0.0,0.0,0.0,0.0,0.0,0.0,0.28,0.67,0.01,0.0,81.88,4.31,100.0,0.0,5.47,23.15,43.81,0.076,560.0,452.33,329.6,0.0,43.8,3.77,0.0,0.0,0.0,0.0,0.16,10.21,1152.18,496.0,1748727.0,-74.97627778,42.07502778,-75.89720106974379,-70.51197187988647,-64.09814740155483,5.974495526992854,0.7848435514266474,0.40326293235792254,0.44539660701985717,0.13136566056175175,6.982521654733832,4.984930536931769,3.8399118657863824,9.551814366707577,-9.658353629664479,-3.321006107674573,12.919239647265673,-3.5841460519669948,-5.720933848558889,-0.15410907791292117,-1.0010317802685083,-1.2692905806439585,1.8622291945412581,1.1735410982367314
01436000,59.03371201542606,118.14530434820352,362.4164956542749,48.81,523.25,64.88,-27.32,4.15,445.4,2.6,10.59,792.86,0.92,0.16,267.73,138.26,132.94,12.39,9.63,0.45,0.15,142.35,0.03,32.28,32.17,1.86,493.0,69.07,5.53,11.15,5.75,0.26,64.34,0.19,0.09,0.19,0.0,2.7436,1.07,0.0,0.0,0.56,0.0,0.0,79.91,7.49,13.82,4.65,0.0,58.2,14.95,26.86,7.15,0.46,0.46,6.88,8.1,91.89,129.87,0.0,1452.81,0.05,0.0,0.0,1.73,0.0,1.24,0.12,0.01,0.0,0.67,69.05,10.16,13.45,0.1,0.19,1.75,0.24,1.24,0.05,0.0,100.0,0.0,0.0,0.0,0.0,0.0,633.04,255.79,18.53,690.6,366.27,1264.99,0.01367,100.95,0.39,1.09,30.0,76.82,10.67,0.0,0.39,12.12,0.84,0.0,0.0,2.69,0.0,0.0,0.0,2.38,0.0,0.0,40.87,0.0,0.0,0.0,0.0,0.0,0.0,0.0,100.0,0.07,0.16,0.01,3.0,142260.0,109074.0,1.0,6.85,0.0,229.45,-25.63,0.59,4.97,583.29,355.73,3.0,11.74,594.22,273.35,131.58,118.61,12.0,9.0,27.0,1.86,13.1,1.7,50.05,1.44,0.77,0.34,1010.41,0.15,227.54,68.0,7.47,1.44,4.6811,45.13,15.77,2.89,0.96,0.0,17.35,0.0,9.0,0.0,0.0,0.0,39.08,0.5,0.5,34.48,61.22,10.16,10.58,79.35,123.96,0.0,0.0,0.0,0.0,0.04,11.84,1.61,2.97,0.0,0.06,0.0,5.37,1.3,0.18,0.0,0.04,48.91,12.78,100.0,0.0,0.0,0.0,0.0,0.0,0.0,0.0,0.0,538.59,2.0,0.0,0.0,4.143,0.27,99.74,0.0,0.63,14.53,0.0,0.0,0.0,0.0,0.0,2.55,0.0,0.0,0.0,0.0,0.0,0.0,0.24,0.56,0.02,0.0,69.79,14.91,100.0,0.26,15.22,10.23,49.7,0.0,541.0,433.87,366.27,0.0,19.92,1.9,0.0,0.0,0.0,0.0,0.16,62.13,1266.58,637.0,4147432.0,-74.6355556,41.82,-66.9857767570083,-62.44847780023216,-58.897030679771724,4.894983152133375,0.7515470236939509,1.0450217115954528,1.6709794911235143,0.1535341390023794,5.892794081856216,4.078108670102229,3.0422299726427062,8.89022821230396,-9.891448547589558,2.4898009029411656,3.414334131930052,-7.012356206508701,1.016111577935673,1.4155940765597435,-0.8335655201199357,1.1947800276946907,-2.031941626268974,-0.2315068339896717
01433500,43.1668572272523,148.49489518075063,437.9318430952219,46.7,589.19,259.58,-23.8,3.47,304.55,2.21,11.83,557.2,0.41,0.16,274.38,132.71,115.95,11.61,8.85,1.26,0.22,386.61,0.1,86.1,26.61,1.79,558.0,67.31,33.84,13.34,7.63,1.77,52.0,0.81,1.02,0.82,0.0068,3.3717,4.67,0.0,0.4,2.45,0.0,0.09,88.55,35.63,1.86,1.99,0.0,49.89,16.54,33.57,36.85,1.48,1.49,9.08,12.37,75.48,121.49,0.0,1216.43,0.0,0.0,0.0,4.14,0.0,4.79,1.31,0.4,0.14,0.22,44.87,11.78,22.86,0.47,0.32,4.78,0.88,2.82,0.22,0.0,100.0,0.0,0.0,0.0,0.0,0.0,635.76,523.91,7.86,415.61,185.1,679.48,0.010033,325.93,0.62,1.01,260.0,73.69,26.29,0.0,0.02,0.0,2.03,0.0,0.0,5.42,0.01,0.0,0.0,5.47,0.19,1.0,22.52,0.0,0.0,0.0,0.0,0.0,0.0,0.0,100.0,0.11,0.27,0.01,34.0,93190.6,88164.0,4.0,24.29,0.0,89.0,-32.0,0.0,3.0,625.0,271.0,1.0,8.41,504.0,281.0,128.0,113.0,11.0,8.0,25.0,1.79,14.36,3.04,69.68,0.0,0.0,0.0,0.0,0.0,0.0,67.0,8.6,0.0,0.0488,60.09,15.28,0.0,4.0,0.0,0.0,0.0,0.0,0.0,0.0,0.0,24.62,0.0,0.0,0.0,18.58,0.0,0.0,73.0,112.0,0.0,0.0,0.0,0.0,0.0,0.0,0.0,0.0,0.0,0.0,0.0,0.0,0.0,0.0,0.0,0.0,10.53,36.84,100.0,0.0,0.0,0.0,0.0,0.0,0.0,0.0,0.0,197.63,0.0,0.0,0.0,0.121,6.05,100.0,0.0,0.0,0.0,0.0,0.0,0.0,0.0,0.0,0.0,0.0,0.0,0.0,0.0,0.0,0.0,0.0,0.0,0.0,0.0,96.0,52.63,100.0,0.0,0.02,9.11,41.0,0.0,628.0,189.94,185.1,0.0,108.21,0.0,0.0,0.0,0.0,0.0,0.18,9.16,1198.5,637.0,4150156.0,-74.75877778,41.4612222,-85.86176654180896,-78.74495117624853,-70.2313260338231,4.956212523788628,0.952490151527727,-0.02918753740701004,0.7849910883902216,0.19218105498018967,6.08206327949837,3.7650729661009477,1.4574144043789228,9.336170693796348,-5.99639439080209,0.6665967015940532,5.106009051670265,-4.058266263318811,-0.061356622799237655,5.559281851439994,2.3666962581973507,-0.6521402332044549,0.14496709080105002,4.063326052356379
01449800,12.049382318806494,43.282676708951016,182.66640563419165,56.91,640.17,47.9,-16.54,1.52,402.85,3.05,11.65,573.27,6.37,0.13,276.88,129.25,117.88,11.21,8.88,10.72,1.86,581.03,0.06,143.34,22.51,1.79,576.0,66.24,45.99,14.53,9.12,2.68,57.15,1.14,1.55,1.15,0.0,0.0044,9.45,0.0,0.0,34.05,0.0,9.8,44.99,77.56,0.0,1.72,0.0,50.31,18.73,30.94,99.9,1.44,1.44,1.62,3.08,76.25,120.66,0.0,1305.95,0.05,0.0,0.05,3.51,0.0,13.0,1.82,0.29,0.06,0.09,56.28,6.42,3.6,0.0,0.0,11.12,3.46,0.36,0.0,0.39,46.39,0.0,0.0,0.0,53.21,0.0,730.66,249.48,9.18,332.58,149.72,628.48,0.018264,153.31,0.61,1.06,187.0,80.09,19.91,0.0,0.0,0.0,3.17,0.0,0.0,3.18,0.0,0.06,0.0,17.57,0.0,0.0,8.08,0.0,0.0,0.0,0.0,0.0,33.93,0.0,66.07,1.3,2.62,0.16,7.0,148631.0,73980.0,3.0,50.05,0.0,53.51,-25.16,2.33,2.0,675.07,388.25,3.0,20.29,538.83,279.0,126.0,115.0,11.0,8.0,20.99,1.79,15.63,2.9,34.13,0.0,0.0,0.84,615.86,0.03,157.18,66.0,10.0,0.0,0.0044,52.73,19.5,3.99,0.0,0.0,0.0,0.0,13.1,0.0,30.89,0.0,27.77,0.0,0.0,12.17,20.0,0.0,0.0,73.0,111.0,0.0,0.0,0.0,0.0,0.0,10.02,0.69,0.0,0.0,13.3,0.0,0.35,0.0,0.0,0.0,7.94,36.27,16.75,0.0,0.0,0.0,0.0,100.0,0.0,0.0,0.0,0.0,278.51,0.0,0.0,0.0,1.065,2.05,100.0,0.0,0.0,15.08,0.0,0.0,0.0,0.0,0.0,1.21,0.0,0.0,0.0,0.0,49.84,0.0,0.82,1.55,0.09,0.0,52.02,14.68,50.16,0.0,0.52,22.41,55.03,0.0,551.0,199.76,149.72,0.0,13.62,5.63,0.0,0.0,0.0,0.0,0.07,12.3,1260.19,731.0,4187341.0,-75.6457437,40.84564756,-85.38239603967116,-84.08025737193722,-76.3361031924939,3.826634149303646,1.0596860835155926,0.36855244624757677,0.13183039656771456,0.2769238035751156,5.207661514664467,2.489013270305824,1.1283725880788777,8.067910695959608,-2.6439417343494704,0.0511873380211628,6.665544070569178,-2.7549145916176223,4.086647231114851,2.7637705151148393,4.499831089450248,1.0856918173940626,-1.1603720380116755,-0.1202258424626676
01447800,80.61035433129642,209.7655311941957,701.7489378267634,53.24,558.3,300.66,-17.73,6.87,351.52,3.35,11.93,681.59,0.59,0.18,268.34,139.29,120.0,12.27,9.25,0.97,0.17,119.99,0.0,23.73,28.77,1.83,527.0,67.48,20.31,12.64,6.92,1.32,63.99,0.5,1.05,0.51,0.0,0.1422,3.87,0.0,0.0,7.66,0.0,1.34,77.82,31.69,0.83,8.48,0.0,51.45,17.37,31.19,42.11,1.53,1.53,7.5,29.61,76.59,128.53,0.0,1310.08,0.0,0.0,0.0,2.87,0.0,8.3,1.04,0.34,0.12,0.39,62.67,6.83,1.22,0.59,0.31,0.35,0.29,14.24,0.43,0.0,86.18,0.0,0.0,0.0,13.82,0.0,728.3,750.79,5.01,555.41,361.67,689.12,0.010222,584.04,0.78,1.19,369.0,85.69,14.3,0.0,0.01,0.0,2.11,0.0,0.0,2.39,0.0,7.06,0.0,4.52,0.0,0.0,8.76,0.0,0.0,0.0,0.0,0.0,8.79,0.0,91.21,0.06,0.12,0.01,32.0,192354.0,21485.0,2.0,33.81,0.0,182.0,-32.56,0.05,9.0,570.21,333.85,3.0,9.79,657.0,267.0,142.39,114.39,13.0,9.0,28.0,1.83,13.56,1.34,49.53,0.0,0.0,0.02,52.94,0.0,12.96,67.0,7.14,0.0,0.0044,52.23,17.33,0.0,4.2,0.0,0.0,0.0,13.07,0.0,0.0,0.0,30.46,0.0,0.0,1.64,1.44,1.37,5.35,67.15,127.0,0.0,0.0,0.0,0.0,0.0,0.12,0.0,0.0,0.0,3.51,0.0,0.0,0.0,0.0,0.0,0.24,87.73,5.2,0.0,0.0,0.0,0.0,100.0,0.0,0.0,0.0,0.0,507.09,0.0,0.0,0.0,1.92,0.51,0.0,0.0,0.0,3.91,0.0,0.0,0.0,0.0,3.89,1.57,0.0,0.0,0.0,0.0,12.89,0.0,0.02,0.03,0.0,0.0,82.74,3.21,87.11,100.0,3.79,8.88,51.83,0.0,577.0,445.88,361.67,0.0,14.16,0.11,0.0,0.0,0.0,0.0,0.29,0.96,1195.93,731.0,4186403.0,-75.7321362,41.1048062,-74.9916235920715,-73.75752574320711,-70.44821558238398,5.428597673045372,0.8659202680533902,0.6157172295468348,0.6948642580865663,0.15951085716905233,6.553575652738251,4.389627013708928,3.022035075030638,9.511770443837515,-7.384976756795341,-0.8539650625261807,6.0197501698793685,-3.700685921159046,2.0861316232283897,2.8959066617506406,1.542357075639792,-1.3821687169928754,-0.8121763876750571,2.434920354600031
01463620,10.963795956799723,29.26888061963629,69.43825170131248,46.2,720.39,173.94,-6.22,0.44,244.31,3.31,13.71,478.26,15.18,25.06,289.74,113.3,129.85,10.69,7.63,27.92,3.61,2787.6,0.42,607.16,15.64,1.75,645.0,69.0,89.3,17.39,11.3,5.84,52.75,0.68,3.84,0.69,0.0,2.0755,10.74,0.0,0.0,60.57,4.08,4.83,12.9,126.37,4.83,2.06,0.0,25.39,13.45,61.18,136.43,2.57,2.88,2.88,2.99,75.13,108.09,21.6,1216.16,6.24,6.51,2.58,2.57,0.0,13.5,4.96,1.42,0.39,0.03,14.83,0.03,0.19,2.72,0.28,10.39,26.76,21.69,0.24,0.0,0.0,0.0,100.0,0.0,0.0,0.0,609.83,92.07,1.92,35.61,13.43,100.73,0.001239,56.5,0.61,1.08,45.0,85.63,14.37,0.0,0.0,0.0,2.53,0.0,0.0,3.69,0.0,0.0,0.0,72.05,0.0,0.0,247.59,0.0,0.0,100.0,0.0,0.0,0.0,0.0,0.0,2.31,4.17,0.38,7.0,33629.0,5047.0,0.0,53.88,0.0,128.62,-3.2,1.31,0.0,729.26,218.83,3.0,14.69,467.31,291.49,112.1,133.05,9.93,6.93,15.3,1.75,17.41,6.34,69.29,3.63,12.39,0.44,1218.83,0.06,260.98,69.0,11.46,3.63,0.0004,24.83,10.44,12.6,6.44,0.0,17.81,0.0,41.48,0.0,15.53,0.0,64.59,5.82,8.62,416.42,418.72,8.62,8.62,75.07,102.53,254.26,0.0,0.99,2.52,0.94,6.44,4.9,35.35,0.0,0.23,0.0,16.13,12.47,7.02,1.94,0.0,11.8,0.07,0.0,0.0,100.0,0.0,0.0,0.0,0.0,0.0,0.0,31.22,6.0,0.0,0.0,4.101,0.53,99.72,0.0,0.64,11.81,0.0,0.0,0.0,0.0,0.0,3.81,0.0,100.0,0.0,0.0,0.0,0.0,0.47,0.97,0.06,2700.0,6.15,0.19,0.0,0.28,7.74,1.08,41.0,0.0,612.0,20.06,13.43,0.0,426.6,4.76,0.0,2.43,1.0,14730.0,0.61,409.55,1220.33,614.0,2590117.0,-74.6719444,40.2697222,-73.16733377742123,-74.80455577840604,-71.72484703852314,3.352530670257427,0.7564981439031997,-0.0735180680528023,0.7806020545042727,0.22564988013819162,4.240437892436782,2.3945985373288807,0.1721038640510241,7.02495212966471,6.594588227503994,2.080303260037476,4.26335859263677,-6.9269204568239955,-4.635590374769392,2.2866498405785007,-0.6888278198559308,1.1493543412096108,0.8332103217986837,-1.3926721931853907
01470960,81.85319234110963,181.0599231503026,463.1124422152377,55.66,682.42,555.95,-6.38,2.26,306.99,2.94,12.62,460.61,5.62,0.04,285.49,123.78,113.4,10.81,6.59,91.57,5.51,7664.49,0.11,2100.44,19.16,1.81,632.0,65.4,71.29,16.25,10.2,4.91,35.63,2.5,3.17,2.56,0.0,0.1761,1.32,0.0,0.0,41.53,0.0,16.26,36.73,75.99,0.0,4.16,0.0,53.41,24.79,21.8,87.86,0.01,0.01,3.22,4.79,71.71,102.0,0.0,1178.78,0.27,0.28,0.98,1.55,0.0,8.19,4.04,1.23,0.42,0.02,23.92,0.38,0.3,0.19,0.0,31.78,27.43,0.3,0.25,0.0,0.0,10.08,0.0,0.0,89.92,0.0,551.42,465.4,7.9,166.06,68.67,500.59,0.009566,287.49,0.62,1.55,366.0,84.9,8.28,6.81,0.01,0.0,2.79,0.0,0.0,1.33,0.0,0.0,0.0,113.41,0.43,2.0,12.5,0.0,0.0,0.0,12.04,0.0,87.96,0.0,0.0,4.63,11.53,0.37,8.0,237312.0,45973.6,3.0,36.3,0.0,161.7,-10.45,0.88,2.58,698.75,305.3,2.71,15.51,420.44,288.91,120.38,112.0,11.29,8.0,17.5,1.81,16.48,5.02,38.3,1.34,1.02,1.94,3751.87,0.03,991.23,65.0,10.5,1.34,0.0222,53.78,29.63,2.78,0.0,0.0,0.0,0.0,55.22,0.0,13.25,0.0,16.58,0.0,0.0,12.39,29.46,0.28,0.28,72.38,109.99,0.0,0.0,1.14,0.0,0.0,21.66,7.48,2.65,0.0,9.92,0.0,6.86,1.3,0.36,0.0,0.0,43.48,3.43,0.0,0.0,0.0,0.0,100.0,0.0,0.0,0.0,0.0,149.85,2.0,0.0,0.01,3.229,1.87,100.0,0.0,0.1,40.65,0.0,0.0,0.0,0.0,0.0,4.05,0.0,0.0,8.25,0.0,91.75,0.0,2.41,5.74,0.17,0.0,28.75,2.86,0.0,0.0,1.73,13.6,53.53,0.0,594.0,91.46,68.67,0.0,13.86,33.37,0.0,0.0,0.0,0.0,0.0,23.06,1146.44,552.0,4783213.0,-76.0252159,40.3706482,-70.11735516727396,-68.21466559639649,-65.14749034656904,5.247010348372485,0.6917743742270548,0.5782268515186736,0.7784828893903062,0.13184162566815386,6.13796983792532,4.404927305330348,3.544361407799107,9.140135610568255,3.2268088191003317,-0.8447658966455542,8.38032053988344,2.1073736079089334,4.924058476430815,-2.577734366918524,3.2062608738857525,0.47119065869787846,-2.319899492141437,-0.91590511087522
delLordville,536.2168430407282,1537.0895727929285,4404.263801336074,43.14,557.79,58.04,-35.46,2.96,281.21,2.21,10.87,577.02,0.49,0.16,264.68,143.73,110.2,12.83,9.76,2.4,0.29,472.96,0.04,96.56,29.3,1.9,532.0,67.16,9.72,12.28,6.72,0.62,51.15,0.88,0.31,0.89,0.0516,0.9796,2.35,0.0,0.09,1.6,0.0,0.08,88.19,9.78,5.83,1.85,0.0,58.1,14.57,27.34,9.87,0.3,4.05,10.9,26.01,66.47,134.79,0.0,1167.01,0.03,0.01,0.04,1.28,0.0,2.58,0.4,0.08,0.02,0.38,69.18,4.41,7.64,0.45,0.68,9.75,1.61,1.33,0.22,0.0,100.0,0.0,0.0,0.0,0.0,0.0,496.81,4113.51,19.07,573.84,255.06,1179.95,0.013016,2115.83,0.51,1.04,1809.0,85.11,10.99,0.0,0.1,3.8,1.36,0.0,0.0,1.71,0.0,1.02,0.0,4.91,0.07,3.0,37.09,0.0,0.0,0.0,0.0,0.0,0.0,0.0,100.0,0.3,0.7,0.02,87.0,1075382.8,730885.8,3.0,6.52,0.0,50.93,-12.75,0.0,3.2,587.45,250.97,2.0,11.45,524.28,269.01,139.91,101.6,12.0,9.0,27.0,1.9,14.0,1.44,20.61,0.15,0.11,0.0,39.43,0.0,6.66,66.0,7.51,0.15,0.0043,57.28,15.85,0.0,9.77,0.0,0.0,0.0,1.57,0.0,0.0,0.0,26.92,0.0,0.0,9.49,6.35,0.0,0.0,68.91,125.28,0.0,0.0,0.0,0.0,0.0,0.0,0.0,0.0,0.0,8.75,0.0,2.74,0.13,0.0,0.0,0.0,65.78,1.81,100.0,0.0,0.0,0.0,0.0,0.0,0.0,0.0,0.0,480.59,0.0,0.0,0.0,1.561,0.73,0.0,0.0,0.04,0.67,0.0,0.0,0.0,0.0,0.0,2.62,0.0,0.0,0.0,0.0,0.0,0.0,0.0,0.0,0.0,0.0,88.66,20.79,100.0,100.0,2.14,20.72,43.0,0.0002,576.0,341.09,256.42,0.0,16.25,0.0,0.0,0.0,0.0,0.0,0.15,11.22,1117.26,496.0,2617364.0,-75.21417,41.867528,-80.22406773499975,-71.86623551855575,-65.10705843820472,7.346718452116388,0.8228178665542427,0.21227205141037803,0.1397657981414384,0.1119980127069129,8.39032837564217,6.284538606118457,5.010049161750688,10.713484556084598,-7.623216968790182,-9.661145790688064,29.440880753818185,-10.389127084630013,-6.936303620949485,-0.8634186681468988,-5.303493026244504,-1.5709577615584154,6.096599867921962,0.23328640801917455
delMontague,1121.1205117395052,3223.714562043435,8988.276598008777,43.51,571.47,119.38,-32.32,3.16,280.83,2.3,11.25,567.0,0.78,0.16,269.33,139.06,111.63,12.22,9.31,1.97,0.31,482.95,0.05,101.61,28.27,1.78,545.0,66.89,18.6,12.85,0.0,1.21,54.4,0.85,0.55,0.86,0.0315,1.321,3.44,0.0,0.15,3.66,0.0,0.5,84.79,20.7,5.13,2.33,0.0,55.43,15.53,29.04,22.43,0.52,2.5,15.32,34.27,69.8,128.51,0.0,1176.47,0.02,0.01,0.02,2.25,0.0,3.82,0.69,0.18,0.05,0.23,61.86,5.46,10.98,0.44,0.47,8.93,1.26,3.06,0.32,0.28,97.48,0.0,0.0,0.0,0.83,1.41,549.32,9013.9,14.29,489.9,113.79,1264.99,0.014071,5399.14,0.6,1.01,4892.0,83.12,14.78,0.14,0.12,1.84,1.67,0.0,0.0,2.56,0.0,1.33,0.0,5.19,0.1,9.0,25.55,0.0,0.0,0.0,0.0,0.87,0.78,0.0,98.36,0.28,0.64,0.02,348.0,1852852.0,1140631.9,13.0,14.67,0.0,153.0,-17.12,1.68,0.9,645.86,325.02,2.0,16.36,483.0,282.75,125.21,110.04,10.0,8.0,23.0,1.78,15.82,3.39,15.17,1.12,3.75,0.64,458.57,0.31,100.54,66.0,9.17,1.12,0.0577,38.08,8.95,5.96,1.96,0.0,24.04,5.89,44.85,0.0,7.11,0.0,52.98,0.0,0.0,37.32,139.27,12.66,23.55,63.41,109.96,0.0,0.0,0.0,0.0,0.0,0.0,1.92,6.12,0.0,10.68,0.0,26.63,4.68,0.96,0.36,0.0,26.15,7.14,0.0,0.0,0.0,0.0,0.0,0.0,100.0,0.0,0.0,207.59,1.0,0.0,0.0,1.218,0.81,0.0,0.0,0.24,22.27,0.0,0.0,0.0,0.0,0.0,5.53,0.0,0.0,0.0,1.61,0.68,0.0,0.5,1.0,0.04,0.0,10.19,15.36,97.71,100.0,1.5,8.71,45.7,0.0,556.0,148.4,113.79,0.0,4.19,5.27,0.0,0.0,0.0,0.0,0.03,55.65,1170.47,637.0,4151628.0,-74.79527778,41.30916667,-80.14768093502306,-73.3733210160476,-66.37241121445032,8.07628190813302,0.8014669976536152,0.12720309938300337,0.03279171165391359,0.09923712504964911,9.103676401727682,7.0220839209604105,5.730151775433294,11.438327130701373,-2.2714820999184058,-17.765143259849456,54.59829864794213,-21.463292340694732,-10.078478939850335,2.1898510365209747,-9.446045109802823,-0.16597641281000355,13.362595513499407,0.1585856242625742
delDRCanal,2558.343631892254,6262.604584542718,15795.195823158436,47.63,608.63,169.16,-27.09,3.55,301.92,2.67,11.52,567.72,2.72,0.39,274.33,133.32,113.91,11.74,8.68,10.94,1.1,942.32,0.11,215.84,25.54,1.76,569.0,66.75,67.79,13.98,8.2,2.25,54.83,1.49,1.96,1.54,0.0164,0.9955,4.15,0.0,0.44,16.02,0.0,2.97,67.81,76.1,2.97,5.64,0.0,53.36,16.81,29.83,86.24,1.85,3.99,11.19,23.47,72.14,122.2,1.73,1213.71,0.13,0.1,0.08,2.09,0.0,6.99,2.25,0.83,0.28,0.29,54.75,4.1,7.72,0.96,0.34,8.57,6.3,4.22,0.3,0.21,64.21,6.23,0.0,0.0,22.38,6.97,605.97,17573.61,11.57,382.51,-16.65,1264.99,0.012278,10767.2,0.61,1.02,11039.0,83.99,13.39,1.57,0.14,0.92,2.38,0.0,0.0,2.06,0.03,1.36,0.0,19.6,0.25,44.0,30.09,12.16,0.0,0.0,5.36,4.9,20.92,4.07,64.75,0.95,2.27,0.08,678.0,2640883.8,1611016.5,33.0,40.41,0.0,156.27,-3.42,1.22,1.01,737.56,203.46,2.05,11.54,456.63,294.23,110.9,127.93,10.0,7.0,15.0,1.76,17.42,6.35,6.8,0.79,18.51,0.42,1946.35,0.05,379.72,68.17,11.67,0.79,0.0126,44.72,15.35,21.42,4.55,0.0,7.46,0.0,40.53,0.0,4.86,0.0,39.83,0.0,0.0,1123.85,1058.86,0.0,0.0,73.76,105.55,241.91,0.42,0.0,1.08,0.15,3.24,3.97,4.58,0.37,6.01,0.0,31.12,19.27,10.02,3.56,0.04,13.6,0.34,44.61,54.16,1.23,0.0,0.0,0.0,0.0,48.91,0.0,73.27,1.0,0.0,0.0,6.48,0.22,28.09,0.0,0.43,17.96,0.0,0.0,0.0,0.02,0.21,6.97,0.0,0.0,6.15,7.1,22.31,3.71,0.33,0.7,0.05,38.0,21.19,2.65,60.73,23.0,29.97,2.77,37.82,0.0,594.0,28.15,1.18,0.0,261.14,4.44,0.0,0.0,1.0,51.0,28.36,1121.13,1197.92,612.56,2590277.0,-74.7780556,40.22166667,-77.71707137333546,-74.91823790081533,-69.82312534255477,8.75600528984895,0.6955556654277595,0.2472696915280687,-0.009463937290449476,0.07943755655722753,9.667461105680236,7.847115308628041,6.865552297878039,11.510187367773058,4.195644506627472,-33.24828722703255,88.66291750444965,-36.27555640328412,-14.901260701420822,-3.3061853156476677,-20.47100093137382,0.28962329855496866,22.37836351525838,-4.116993575011263
delTrenton,2558.343631892254,6262.604584542718,15795.195823158436,47.63,608.63,169.16,-27.09,3.55,301.92,2.67,11.52,567.72,2.72,0.39,274.33,133.32,113.91,11.74,8.68,10.94,1.1,942.32,0.11,215.84,25.54,1.76,569.0,66.75,67.79,13.98,8.2,2.25,54.83,1.49,1.96,1.54,0.0164,0.9955,4.15,0.0,0.44,16.02,0.0,2.97,67.81,76.1,2.97,5.64,0.0,53.36,16.81,29.83,86.24,1.85,3.99,11.19,23.47,72.14,122.2,1.73,1213.71,0.13,0.1,0.08,2.09,0.0,6.99,2.25,0.83,0.28,0.29,54.75,4.1,7.72,0.96,0.34,8.57,6.3,4.22,0.3,0.21,64.21,6.23,0.0,0.0,22.38,6.97,605.97,17573.61,11.57,382.51,-16.65,1264.99,0.012278,10767.2,0.61,1.02,11039.0,83.99,13.39,1.57,0.14,0.92,2.38,0.0,0.0,2.06,0.03,1.36,0.0,19.6,0.25,44.0,30.09,12.16,0.0,0.0,5.36,4.9,20.92,4.07,64.75,0.95,2.27,0.08,678.0,2640883.8,1611016.5,33.0,40.41,0.0,156.27,-3.42,1.22,1.01,737.56,203.46,2.05,11.54,456.63,294.23,110.9,127.93,10.0,7.0,15.0,1.76,17.42,6.35,6.8,0.79,18.51,0.42,1946.35,0.05,379.72,68.17,11.67,0.79,0.0126,44.72,15.35,21.42,4.55,0.0,7.46,0.0,40.53,0.0,4.86,0.0,39.83,0.0,0.0,1123.85,1058.86,0.0,0.0,73.76,105.55,241.91,0.42,0.0,1.08,0.15,3.24,3.97,4.58,0.37,6.01,0.0,31.12,19.27,10.02,3.56,0.04,13.6,0.34,44.61,54.16,1.23,0.0,0.0,0.0,0.0,48.91,0.0,73.27,1.0,0.0,0.0,6.48,0.22,28.09,0.0,0.43,17.96,0.0,0.0,0.0,0.02,0.21,6.97,0.0,0.0,6.15,7.1,22.31,3.71,0.33,0.7,0.05,38.0,21.19,2.65,60.73,23.0,29.97,2.77,37.82,0.0,594.0,28.15,1.18,0.0,261.14,4.44,0.0,0.0,1.0,51.0,28.36,1121.13,1197.92,612.56,2590277.0,-74.7780556,40.22166667,-77.71707137333546,-74.91823790081533,-69.82312534255477,8.75600528984895,0.6955556654277595,0.2472696915280687,-0.009463937290449476,0.07943755655722753,9.667461105680236,7.847115308628041,6.865552297878039,11.510187367773058,4.195644506627472,-33.24828722703255,88.66291750444965,-36.27555640328412,-14.901260701420822,-3.3061853156476677,-20.47100093137382,0.28962329855496866,22.37836351525838,-4.116993575011263
outletAssunpink,27.345149502241146,66.44822740138866,162.26580591349338,42.27,728.68,231.26,-4.18,1.04,224.92,3.17,13.38,470.95,7.15,15.74,291.55,112.29,130.52,10.3,7.25,15.46,1.82,2219.63,0.22,475.12,15.44,1.75,625.0,68.88,619.14,17.4,11.47,6.13,49.75,8.64,15.57,8.82,0.0,2.0755,11.19,0.0,0.0,49.16,1.58,6.36,21.38,652.63,5.89,4.44,0.0,31.2,14.09,54.76,718.66,2.39,2.9,2.9,3.04,74.74,105.34,85.89,1212.4,2.46,2.59,1.25,1.23,0.0,20.65,15.71,7.74,3.61,0.02,10.84,0.06,0.33,1.85,0.34,5.6,14.76,17.11,0.14,0.0,5.42,23.38,71.2,0.0,0.0,0.0,611.44,238.31,1.66,32.19,1.19,100.73,0.001043,143.76,0.6,1.12,248.0,85.35,6.59,7.83,0.23,0.0,5.67,0.0,0.0,1.9,0.01,0.0,0.0,41.6,0.42,1.0,357.44,0.0,0.0,69.27,28.42,0.0,0.0,2.3,0.0,1.21,2.25,0.19,16.0,34357.0,5700.0,1.0,286.09,0.0,131.39,-2.92,0.0,1.53,745.22,217.19,2.53,11.54,448.33,295.97,108.97,129.74,10.0,7.0,15.0,1.75,17.47,6.65,14.84,54.25,65.98,0.0,565.29,0.0,116.38,69.0,11.81,54.74,0.0004,27.26,11.64,11.56,9.69,0.0,23.11,0.0,27.36,0.0,11.93,0.0,61.48,0.0,0.0,4146.63,3629.72,0.0,0.0,74.11,104.01,371.29,0.0,0.0,0.24,0.0,0.0,0.0,0.39,0.0,0.21,0.0,7.06,14.81,42.43,34.7,0.0,0.17,0.0,37.11,0.0,62.89,0.0,0.0,0.0,0.0,45.37,0.0,43.89,35.0,0.0,0.0,3.543,0.47,54.59,0.0,0.0,0.64,0.0,0.0,0.0,0.27,0.0,17.61,0.0,69.21,25.74,0.0,0.0,5.05,0.0,0.0,0.0,250.0,16.35,0.0,0.0,0.05,7.46,1.61,40.45,0.0,614.0,20.25,1.19,0.0,426.6,0.0,1.0,0.0,1.0,278.0,0.38,3687.04,1189.9,614.0,2590137.0,-74.76699,40.217486,-74.91997787096753,-77.31833244668965,-74.66138234345814,4.199463230034321,0.7196674890990444,0.060282337010041265,0.578799302888739,0.1713713038256946,5.08923568372167,3.3085391573380023,1.2210767499833528,7.79974670081225,8.821487647008848,-6.856549116566348,-1.3707482762608272,-7.176475289382911,-4.859338451711282,-3.080540148805102,4.028919403033813,2.2982736877617955,-2.132286074826613,-1.8511520082848458
outletSchuylkill,657.2669786887998,1495.942808412948,3648.026333896086,50.41,686.19,332.25,-13.86,3.12,294.57,2.96,12.18,486.48,5.42,1.46,287.49,120.02,116.05,10.93,7.49,33.41,2.71,3320.39,0.09,852.04,19.27,1.75,621.0,66.09,288.35,16.42,10.32,4.82,44.43,4.35,7.19,4.55,0.0,0.1634,3.55,0.0,0.0,44.15,0.0,9.54,35.19,304.97,0.08,7.5,0.0,51.37,21.91,26.72,334.88,5.78,5.8,6.75,12.18,74.64,108.11,10.87,1205.82,0.19,0.17,0.23,1.07,0.0,14.23,6.89,3.32,1.67,0.53,35.68,1.0,1.34,3.71,0.42,16.64,12.08,1.34,0.09,0.0,17.05,35.08,0.3,0.0,42.87,4.71,552.71,4951.85,8.94,167.54,-66.97,635.8,0.007561,3124.07,0.63,1.07,4657.0,90.35,8.78,0.8,0.07,0.0,3.95,0.0,0.0,0.69,0.04,0.01,0.0,51.63,0.89,44.0,36.62,0.0,0.0,0.08,32.73,3.95,45.66,17.57,0.0,2.2,5.2,0.22,108.0,373485.0,121873.45,29.0,140.47,0.0,1433.6,-2.69,0.0,2.0,781.92,240.56,4.01,12.67,370.61,305.81,99.76,112.34,10.0,7.0,12.26,1.75,18.02,8.19,1.19,8.05,65.31,0.0,277.41,0.0,42.1,67.0,12.59,9.0,0.0011,47.13,18.62,69.0,6.0,0.0,6.0,0.0,2.0,0.0,3.0,0.0,34.25,0.0,0.0,5094.38,4771.59,0.0,0.0,71.92,102.13,900.0,0.0,0.0,0.0,0.0,0.0,0.0,1.53,0.43,6.63,0.0,10.6,6.82,24.88,48.7,0.09,0.33,0.0,30.58,0.0,69.42,0.0,0.0,0.0,0.0,0.0,0.0,12.87,5.0,0.0,0.0,1.9,0.14,46.48,0.0,1.31,0.0,0.0,0.0,0.0,0.0,0.0,13.93,0.0,0.26,35.17,4.57,43.35,16.65,0.0,0.0,0.0,0.0,14.0,0.0,0.0,53.52,13.27,0.49,45.41,0.0,601.0,6.97,-0.23,0.0,551.12,0.0,0.0,0.0,0.0,0.0,91.63,4346.43,1166.4,552.46,4784841.0,-75.203456,39.894148,-76.21705297381688,-76.45596159916416,-72.80841673234664,7.337933714429706,0.6794413419504832,0.3931695733784707,0.1929861806504669,0.09259300620478396,8.201941350363604,6.488090278638843,5.699930366343128,10.269886815208862,7.913512674394139,-15.577771757948467,21.43092595912612,-10.924345539300676,-4.8340138525786776,-3.787068824556144,-2.8921859542791775,0.5860589707405145,3.84764479560786,-1.1776381087496803
